slot,inf_range,sup_range,prob_up,prob_down,count_of_klines_inside_range,ticker
1,-90.0,-80.0,0.4,0.6,28,BTC
1,-80.0,-70.0,0.4482758620689655,0.5517241379310345,27,BTC
1,-70.0,-60.0,0.3720930232558139,0.627906976744186,41,BTC
1,-60.0,-50.0,0.3880597014925373,0.6119402985074627,65,BTC
1,-50.0,-40.0,0.3149606299212598,0.6850393700787402,125,BTC
1,-40.0,-30.0,0.3592233009708738,0.6407766990291262,204,BTC
1,-30.0,-20.0,0.4198606271777004,0.5801393728222997,285,BTC
1,-20.0,-10.0,0.4099307159353348,0.5900692840646651,431,BTC
1,-10.0,0.0,0.4824961948249619,0.517503805175038,655,BTC
1,0.0,10.0,0.5444596443228454,0.4555403556771545,729,BTC
1,10.0,20.0,0.54627539503386,0.45372460496614,441,BTC
1,20.0,30.0,0.5916398713826366,0.4083601286173633,309,BTC
1,30.0,40.0,0.6102564102564102,0.3897435897435898,193,BTC
1,40.0,50.0,0.5390070921985816,0.4609929078014184,139,BTC
1,50.0,60.0,0.64,0.36,73,BTC
1,60.0,70.0,0.6545454545454545,0.3454545454545454,53,BTC
1,70.0,80.0,0.58,0.42,48,BTC
2,-100.0,-90.0,0.36,0.64,23,BTC
2,-90.0,-80.0,0.2058823529411764,0.7941176470588236,32,BTC
2,-80.0,-70.0,0.3333333333333333,0.6666666666666667,31,BTC
2,-70.0,-60.0,0.3152173913043478,0.6847826086956521,90,BTC
2,-60.0,-50.0,0.3368421052631579,0.6631578947368422,93,BTC
2,-50.0,-40.0,0.3529411764705882,0.6470588235294117,151,BTC
2,-40.0,-30.0,0.4069264069264069,0.5930735930735931,229,BTC
2,-30.0,-20.0,0.4129032258064516,0.5870967741935484,308,BTC
2,-20.0,-10.0,0.4313725490196078,0.5686274509803921,406,BTC
2,-10.0,0.0,0.4540117416829745,0.5459882583170255,509,BTC
2,0.0,10.0,0.5274725274725275,0.4725274725274725,544,BTC
2,10.0,20.0,0.5938303341902313,0.4061696658097686,387,BTC
2,20.0,30.0,0.6035087719298246,0.3964912280701754,283,BTC
2,30.0,40.0,0.6437768240343348,0.3562231759656652,231,BTC
2,40.0,50.0,0.5359477124183006,0.4640522875816993,151,BTC
2,50.0,60.0,0.6574074074074074,0.3425925925925925,106,BTC
2,60.0,70.0,0.6021505376344086,0.3978494623655914,91,BTC
2,70.0,80.0,0.6764705882352942,0.3235294117647058,66,BTC
2,80.0,90.0,0.6521739130434783,0.3478260869565217,44,BTC
2,90.0,100.0,0.64,0.36,23,BTC
3,-120.0,-110.0,0.3043478260869565,0.6956521739130435,21,BTC
3,-110.0,-100.0,0.375,0.625,30,BTC
3,-100.0,-90.0,0.3478260869565217,0.6521739130434783,21,BTC
3,-90.0,-80.0,0.358974358974359,0.641025641025641,37,BTC
3,-80.0,-70.0,0.3174603174603174,0.6825396825396826,61,BTC
3,-70.0,-60.0,0.398876404494382,0.601123595505618,87,BTC
3,-60.0,-50.0,0.3255813953488372,0.6744186046511628,127,BTC
3,-50.0,-40.0,0.3333333333333333,0.6666666666666667,154,BTC
3,-40.0,-30.0,0.3801652892561983,0.6198347107438016,240,BTC
3,-30.0,-20.0,0.4013605442176871,0.5986394557823129,292,BTC
3,-20.0,-10.0,0.4299450549450549,0.570054945054945,362,BTC
3,-10.0,0.0,0.4580335731414868,0.5419664268585132,415,BTC
3,0.0,10.0,0.5295404814004376,0.4704595185995623,455,BTC
3,10.0,20.0,0.5538057742782153,0.4461942257217847,379,BTC
3,20.0,30.0,0.5751633986928104,0.4248366013071896,304,BTC
3,30.0,40.0,0.6348547717842323,0.3651452282157676,239,BTC
3,40.0,50.0,0.6292134831460675,0.3707865168539325,176,BTC
3,50.0,60.0,0.6693548387096774,0.3306451612903226,122,BTC
3,60.0,70.0,0.6823529411764706,0.3176470588235294,83,BTC
3,70.0,80.0,0.7142857142857143,0.2857142857142857,61,BTC
3,80.0,90.0,0.7551020408163265,0.2448979591836735,47,BTC
3,90.0,100.0,0.6666666666666666,0.3333333333333333,34,BTC
3,100.0,110.0,0.6666666666666666,0.3333333333333333,25,BTC
3,110.0,120.0,0.8,0.1999999999999999,23,BTC
4,-130.0,-120.0,0.2333333333333333,0.7666666666666666,28,BTC
4,-120.0,-110.0,0.1911764705882352,0.8088235294117647,32,BTC
4,-110.0,-100.0,0.4,0.6,23,BTC
4,-100.0,-90.0,0.2888888888888888,0.7111111111111111,43,BTC
4,-90.0,-80.0,0.2745098039215686,0.7254901960784313,49,BTC
4,-80.0,-70.0,0.3205128205128205,0.6794871794871795,76,BTC
4,-70.0,-60.0,0.3725490196078431,0.6274509803921569,100,BTC
4,-60.0,-50.0,0.3333333333333333,0.6666666666666667,115,BTC
4,-50.0,-40.0,0.3459459459459459,0.654054054054054,183,BTC
4,-40.0,-30.0,0.3870292887029288,0.6129707112970711,237,BTC
4,-30.0,-20.0,0.4097744360902255,0.5902255639097744,264,BTC
4,-20.0,-10.0,0.3828571428571428,0.6171428571428572,348,BTC
4,-10.0,0.0,0.4858757062146893,0.5141242937853108,352,BTC
4,0.0,10.0,0.5259259259259259,0.4740740740740741,403,BTC
4,10.0,20.0,0.5595567867036011,0.4404432132963989,359,BTC
4,20.0,30.0,0.594059405940594,0.4059405940594059,301,BTC
4,30.0,40.0,0.6282051282051282,0.3717948717948718,232,BTC
4,40.0,50.0,0.6373626373626373,0.3626373626373627,180,BTC
4,50.0,60.0,0.6434108527131783,0.3565891472868217,127,BTC
4,60.0,70.0,0.7078651685393258,0.2921348314606742,87,BTC
4,70.0,80.0,0.7333333333333333,0.2666666666666667,73,BTC
4,80.0,90.0,0.7540983606557377,0.2459016393442623,59,BTC
4,90.0,100.0,0.6774193548387096,0.3225806451612903,29,BTC
4,100.0,110.0,0.7575757575757576,0.2424242424242424,31,BTC
4,110.0,120.0,0.7692307692307693,0.2307692307692307,24,BTC
4,120.0,130.0,0.8076923076923077,0.1923076923076923,24,BTC
5,-130.0,-120.0,0.2692307692307692,0.7307692307692308,24,BTC
5,-120.0,-110.0,0.4482758620689655,0.5517241379310345,27,BTC
5,-110.0,-100.0,0.3061224489795918,0.6938775510204082,47,BTC
5,-100.0,-90.0,0.3409090909090909,0.6590909090909092,42,BTC
5,-90.0,-80.0,0.2260273972602739,0.773972602739726,71,BTC
5,-80.0,-70.0,0.2159090909090909,0.7840909090909091,86,BTC
5,-70.0,-60.0,0.3047619047619047,0.6952380952380952,103,BTC
5,-60.0,-50.0,0.3524590163934426,0.6475409836065573,120,BTC
5,-50.0,-40.0,0.3134328358208955,0.6865671641791045,199,BTC
5,-40.0,-30.0,0.4004524886877828,0.5995475113122172,219,BTC
5,-30.0,-20.0,0.3785714285714285,0.6214285714285714,278,BTC
5,-20.0,-10.0,0.4340836012861736,0.5659163987138264,309,BTC
5,-10.0,0.0,0.4875776397515527,0.5124223602484472,320,BTC
5,0.0,10.0,0.5072463768115942,0.4927536231884057,343,BTC
5,10.0,20.0,0.5913978494623655,0.4086021505376345,370,BTC
5,20.0,30.0,0.6156716417910447,0.3843283582089553,266,BTC
5,30.0,40.0,0.6225490196078431,0.3774509803921568,202,BTC
5,40.0,50.0,0.6086956521739131,0.3913043478260869,182,BTC
5,50.0,60.0,0.6818181818181818,0.3181818181818182,130,BTC
5,60.0,70.0,0.7156862745098039,0.284313725490196,100,BTC
5,70.0,80.0,0.6962025316455697,0.3037974683544303,77,BTC
5,80.0,90.0,0.7058823529411765,0.2941176470588235,66,BTC
5,90.0,100.0,0.7916666666666666,0.2083333333333333,46,BTC
5,100.0,110.0,0.6976744186046512,0.3023255813953488,41,BTC
5,110.0,120.0,0.8214285714285714,0.1785714285714286,26,BTC
5,120.0,130.0,0.7727272727272727,0.2272727272727273,20,BTC
5,140.0,150.0,0.76,0.24,23,BTC
6,-150.0,-140.0,0.1818181818181818,0.8181818181818181,20,BTC
6,-140.0,-130.0,0.2272727272727272,0.7727272727272727,20,BTC
6,-130.0,-120.0,0.2068965517241379,0.7931034482758621,27,BTC
6,-120.0,-110.0,0.3333333333333333,0.6666666666666667,34,BTC
6,-110.0,-100.0,0.2045454545454545,0.7954545454545454,42,BTC
6,-100.0,-90.0,0.3137254901960784,0.6862745098039216,49,BTC
6,-90.0,-80.0,0.3309859154929577,0.6690140845070423,69,BTC
6,-80.0,-70.0,0.1842105263157894,0.8157894736842105,74,BTC
6,-70.0,-60.0,0.2604166666666666,0.7395833333333334,94,BTC
6,-60.0,-50.0,0.3134328358208955,0.6865671641791045,132,BTC
6,-50.0,-40.0,0.3297872340425531,0.6702127659574468,186,BTC
6,-40.0,-30.0,0.358,0.642,248,BTC
6,-30.0,-20.0,0.3954372623574144,0.6045627376425855,261,BTC
6,-20.0,-10.0,0.4321428571428571,0.5678571428571428,278,BTC
6,-10.0,0.0,0.4785276073619632,0.5214723926380368,324,BTC
6,0.0,10.0,0.560126582278481,0.439873417721519,314,BTC
6,10.0,20.0,0.5609756097560976,0.4390243902439024,326,BTC
6,20.0,30.0,0.6143344709897611,0.3856655290102388,291,BTC
6,30.0,40.0,0.6445497630331753,0.3554502369668246,209,BTC
6,40.0,50.0,0.6505376344086021,0.3494623655913978,184,BTC
6,50.0,60.0,0.6818181818181818,0.3181818181818182,130,BTC
6,60.0,70.0,0.6636363636363637,0.3363636363636363,108,BTC
6,70.0,80.0,0.75,0.25,74,BTC
6,80.0,90.0,0.7543859649122807,0.2456140350877192,55,BTC
6,90.0,100.0,0.6724137931034483,0.3275862068965517,56,BTC
6,100.0,110.0,0.7291666666666666,0.2708333333333333,46,BTC
6,110.0,120.0,0.8157894736842105,0.1842105263157895,36,BTC
6,120.0,130.0,0.72,0.28,23,BTC
6,130.0,140.0,0.76,0.24,23,BTC
7,-150.0,-140.0,0.1428571428571428,0.8571428571428572,26,BTC
7,-140.0,-130.0,0.2,0.8,23,BTC
7,-130.0,-120.0,0.3157894736842105,0.6842105263157895,36,BTC
7,-120.0,-110.0,0.1724137931034483,0.8275862068965517,27,BTC
7,-110.0,-100.0,0.2053571428571428,0.7946428571428572,54,BTC
7,-100.0,-90.0,0.1886792452830188,0.8113207547169812,51,BTC
7,-90.0,-80.0,0.2839506172839506,0.7160493827160495,79,BTC
7,-80.0,-70.0,0.3086419753086419,0.691358024691358,79,BTC
7,-70.0,-60.0,0.2905982905982906,0.7094017094017093,115,BTC
7,-60.0,-50.0,0.3098591549295774,0.6901408450704225,140,BTC
7,-50.0,-40.0,0.3043478260869565,0.6956521739130435,182,BTC
7,-40.0,-30.0,0.3931818181818182,0.6068181818181818,218,BTC
7,-30.0,-20.0,0.3577235772357723,0.6422764227642277,244,BTC
7,-20.0,-10.0,0.3992537313432835,0.6007462686567164,266,BTC
7,-10.0,0.0,0.4805194805194805,0.5194805194805194,306,BTC
7,0.0,10.0,0.5372168284789643,0.4627831715210356,307,BTC
7,10.0,20.0,0.5689655172413793,0.4310344827586206,288,BTC
7,20.0,30.0,0.6356589147286822,0.3643410852713178,256,BTC
7,30.0,40.0,0.6225490196078431,0.3774509803921568,202,BTC
7,40.0,50.0,0.7011494252873564,0.2988505747126436,172,BTC
7,50.0,60.0,0.6821705426356589,0.3178294573643411,127,BTC
7,60.0,70.0,0.7542372881355932,0.2457627118644068,116,BTC
7,70.0,80.0,0.6448598130841121,0.3551401869158879,105,BTC
7,80.0,90.0,0.7272727272727273,0.2727272727272727,64,BTC
7,90.0,100.0,0.8307692307692308,0.1692307692307691,63,BTC
7,100.0,110.0,0.7954545454545454,0.2045454545454545,42,BTC
7,110.0,120.0,0.775,0.2249999999999999,38,BTC
7,120.0,130.0,0.7741935483870968,0.2258064516129032,29,BTC
7,130.0,140.0,0.7948717948717948,0.2051282051282051,37,BTC
8,-150.0,-140.0,0.1538461538461538,0.8461538461538461,24,BTC
8,-140.0,-130.0,0.1666666666666666,0.8333333333333334,28,BTC
8,-130.0,-120.0,0.2051282051282051,0.7948717948717949,37,BTC
8,-120.0,-110.0,0.1489361702127659,0.851063829787234,45,BTC
8,-110.0,-100.0,0.2826086956521739,0.7173913043478262,44,BTC
8,-100.0,-90.0,0.2569444444444444,0.7430555555555556,70,BTC
8,-90.0,-80.0,0.2368421052631578,0.7631578947368421,74,BTC
8,-80.0,-70.0,0.33,0.6699999999999999,98,BTC
8,-70.0,-60.0,0.2301587301587301,0.7698412698412699,124,BTC
8,-60.0,-50.0,0.2847222222222222,0.7152777777777778,142,BTC
8,-50.0,-40.0,0.3917197452229299,0.60828025477707,155,BTC
8,-40.0,-30.0,0.334841628959276,0.6651583710407241,219,BTC
8,-30.0,-20.0,0.336283185840708,0.663716814159292,224,BTC
8,-20.0,-10.0,0.4220532319391635,0.5779467680608366,261,BTC
8,-10.0,0.0,0.445993031358885,0.554006968641115,285,BTC
8,0.0,10.0,0.5671641791044776,0.4328358208955224,266,BTC
8,10.0,20.0,0.5410447761194029,0.458955223880597,266,BTC
8,20.0,30.0,0.6557377049180327,0.3442622950819672,242,BTC
8,30.0,40.0,0.6,0.4,208,BTC
8,40.0,50.0,0.7272727272727273,0.2727272727272727,163,BTC
8,50.0,60.0,0.7196969696969697,0.2803030303030303,130,BTC
8,60.0,70.0,0.7238805970149254,0.2761194029850746,132,BTC
8,70.0,80.0,0.7777777777777778,0.2222222222222222,106,BTC
8,80.0,90.0,0.7368421052631579,0.2631578947368421,74,BTC
8,90.0,100.0,0.6721311475409836,0.3278688524590164,59,BTC
8,100.0,110.0,0.8275862068965517,0.1724137931034483,56,BTC
8,110.0,120.0,0.7872340425531915,0.2127659574468084,45,BTC
8,120.0,130.0,0.7142857142857143,0.2857142857142857,40,BTC
8,130.0,140.0,0.75,0.25,26,BTC
8,140.0,150.0,0.8,0.1999999999999999,23,BTC
8,150.0,160.0,0.9545454545454546,0.0454545454545454,20,BTC
9,-180.0,-170.0,0.0869565217391304,0.9130434782608696,21,BTC
9,-170.0,-160.0,0.2,0.8,23,BTC
9,-150.0,-140.0,0.15625,0.84375,30,BTC
9,-140.0,-130.0,0.1764705882352941,0.8235294117647058,32,BTC
9,-130.0,-120.0,0.1666666666666666,0.8333333333333334,34,BTC
9,-120.0,-110.0,0.25,0.75,50,BTC
9,-110.0,-100.0,0.1864406779661017,0.8135593220338984,57,BTC
9,-100.0,-90.0,0.1875,0.8125,70,BTC
9,-90.0,-80.0,0.2191780821917808,0.7808219178082192,71,BTC
9,-80.0,-70.0,0.3333333333333333,0.6666666666666667,94,BTC
9,-70.0,-60.0,0.2627118644067797,0.7372881355932204,116,BTC
9,-60.0,-50.0,0.2925170068027211,0.7074829931972789,145,BTC
9,-50.0,-40.0,0.2745664739884393,0.7254335260115607,171,BTC
9,-40.0,-30.0,0.365296803652968,0.634703196347032,217,BTC
9,-30.0,-20.0,0.3804878048780488,0.6195121951219512,203,BTC
9,-20.0,-10.0,0.3976377952755905,0.6023622047244095,252,BTC
9,-10.0,0.0,0.44921875,0.55078125,254,BTC
9,0.0,10.0,0.531986531986532,0.468013468013468,295,BTC
9,10.0,20.0,0.5954545454545455,0.4045454545454545,218,BTC
9,20.0,30.0,0.6313559322033898,0.3686440677966102,234,BTC
9,30.0,40.0,0.6588785046728972,0.3411214953271028,212,BTC
9,40.0,50.0,0.7016574585635359,0.2983425414364641,179,BTC
9,50.0,60.0,0.738562091503268,0.261437908496732,151,BTC
9,60.0,70.0,0.7164179104477612,0.2835820895522388,132,BTC
9,70.0,80.0,0.7608695652173914,0.2391304347826086,90,BTC
9,80.0,90.0,0.7402597402597403,0.2597402597402597,75,BTC
9,90.0,100.0,0.75,0.25,58,BTC
9,100.0,110.0,0.7959183673469388,0.2040816326530612,47,BTC
9,110.0,120.0,0.7254901960784313,0.2745098039215686,49,BTC
9,120.0,130.0,0.896551724137931,0.1034482758620689,27,BTC
9,130.0,140.0,0.9069767441860463,0.0930232558139535,41,BTC
9,140.0,150.0,0.8148148148148148,0.1851851851851852,25,BTC
9,150.0,160.0,0.88,0.12,23,BTC
10,-180.0,-170.0,0.1363636363636363,0.8636363636363636,20,BTC
10,-170.0,-160.0,0.0625,0.9375,30,BTC
10,-150.0,-140.0,0.2142857142857142,0.7857142857142857,26,BTC
10,-140.0,-130.0,0.1,0.9,38,BTC
10,-130.0,-120.0,0.119047619047619,0.8809523809523809,40,BTC
10,-120.0,-110.0,0.2941176470588235,0.7058823529411764,49,BTC
10,-110.0,-100.0,0.2592592592592592,0.7407407407407407,52,BTC
10,-100.0,-90.0,0.26875,0.73125,78,BTC
10,-90.0,-80.0,0.2051282051282051,0.7948717948717949,76,BTC
10,-80.0,-70.0,0.2079207920792079,0.7920792079207921,99,BTC
10,-70.0,-60.0,0.224,0.776,123,BTC
10,-60.0,-50.0,0.2253521126760563,0.7746478873239436,140,BTC
10,-50.0,-40.0,0.315028901734104,0.684971098265896,171,BTC
10,-40.0,-30.0,0.2876712328767123,0.7123287671232876,217,BTC
10,-30.0,-20.0,0.3488372093023256,0.6511627906976745,213,BTC
10,-20.0,-10.0,0.4672489082969432,0.5327510917030568,227,BTC
10,-10.0,0.0,0.4170212765957446,0.5829787234042554,233,BTC
10,0.0,10.0,0.5916030534351145,0.4083969465648854,260,BTC
10,10.0,20.0,0.5930735930735931,0.4069264069264069,229,BTC
10,20.0,30.0,0.6617647058823529,0.3382352941176471,202,BTC
10,30.0,40.0,0.6076555023923446,0.3923444976076554,207,BTC
10,40.0,50.0,0.7444444444444445,0.2555555555555555,178,BTC
10,50.0,60.0,0.7277777777777777,0.2722222222222222,178,BTC
10,60.0,70.0,0.7230769230769231,0.2769230769230769,128,BTC
10,70.0,80.0,0.7653061224489796,0.2346938775510204,96,BTC
10,80.0,90.0,0.7714285714285715,0.2285714285714285,68,BTC
10,90.0,100.0,0.8387096774193549,0.1612903225806451,60,BTC
10,100.0,110.0,0.7796610169491526,0.2203389830508474,57,BTC
10,110.0,120.0,0.8723404255319149,0.127659574468085,45,BTC
10,120.0,130.0,0.8809523809523809,0.119047619047619,40,BTC
10,130.0,140.0,0.84375,0.15625,30,BTC
10,140.0,150.0,0.925925925925926,0.074074074074074,25,BTC
10,150.0,160.0,0.875,0.125,22,BTC
10,160.0,170.0,0.7647058823529411,0.2352941176470588,32,BTC
10,190.0,200.0,0.84,0.16,23,BTC
11,-190.0,-180.0,0.1111111111111111,0.8888888888888888,25,BTC
11,-180.0,-170.0,0.2592592592592592,0.7407407407407407,25,BTC
11,-170.0,-160.0,0.1714285714285714,0.8285714285714285,33,BTC
11,-160.0,-150.0,0.0967741935483871,0.9032258064516128,29,BTC
11,-150.0,-140.0,0.1666666666666666,0.8333333333333334,22,BTC
11,-140.0,-130.0,0.1428571428571428,0.8571428571428572,40,BTC
11,-130.0,-120.0,0.2,0.8,43,BTC
11,-120.0,-110.0,0.0892857142857142,0.9107142857142856,54,BTC
11,-110.0,-100.0,0.1724137931034483,0.8275862068965517,56,BTC
11,-100.0,-90.0,0.2592592592592592,0.7407407407407407,79,BTC
11,-90.0,-80.0,0.2777777777777778,0.7222222222222222,79,BTC
11,-80.0,-70.0,0.2197802197802197,0.7802197802197802,89,BTC
11,-70.0,-60.0,0.2368421052631578,0.7631578947368421,112,BTC
11,-60.0,-50.0,0.2335766423357664,0.7664233576642336,135,BTC
11,-50.0,-40.0,0.2703488372093023,0.7296511627906976,170,BTC
11,-40.0,-30.0,0.2486772486772486,0.7513227513227514,187,BTC
11,-30.0,-20.0,0.3730569948186528,0.6269430051813472,191,BTC
11,-20.0,-10.0,0.4508196721311475,0.5491803278688525,242,BTC
11,-10.0,0.0,0.4292237442922374,0.5707762557077626,217,BTC
11,0.0,10.0,0.5512820512820513,0.4487179487179487,232,BTC
11,10.0,20.0,0.5603112840466926,0.4396887159533074,255,BTC
11,20.0,30.0,0.6697247706422018,0.3302752293577982,216,BTC
11,30.0,40.0,0.6918918918918919,0.308108108108108,183,BTC
11,40.0,50.0,0.6910112359550563,0.3089887640449437,176,BTC
11,50.0,60.0,0.7757575757575758,0.2242424242424242,163,BTC
11,60.0,70.0,0.7313432835820896,0.2686567164179104,132,BTC
11,70.0,80.0,0.7850467289719626,0.2149532710280374,105,BTC
11,80.0,90.0,0.8076923076923077,0.1923076923076923,76,BTC
11,90.0,100.0,0.84375,0.15625,62,BTC
11,100.0,110.0,0.7704918032786885,0.2295081967213115,59,BTC
11,110.0,120.0,0.8727272727272727,0.1272727272727273,53,BTC
11,120.0,130.0,0.717948717948718,0.282051282051282,37,BTC
11,130.0,140.0,0.8095238095238095,0.1904761904761904,40,BTC
11,140.0,150.0,0.875,0.125,30,BTC
11,150.0,160.0,0.8888888888888888,0.1111111111111111,25,BTC
11,160.0,170.0,0.92,0.0799999999999999,23,BTC
12,-190.0,-180.0,0.0833333333333333,0.9166666666666666,22,BTC
12,-180.0,-170.0,0.074074074074074,0.925925925925926,25,BTC
12,-170.0,-160.0,0.1666666666666666,0.8333333333333334,34,BTC
12,-160.0,-150.0,0.0857142857142857,0.9142857142857144,33,BTC
12,-150.0,-140.0,0.1935483870967742,0.8064516129032258,29,BTC
12,-140.0,-130.0,0.1363636363636363,0.8636363636363636,42,BTC
12,-130.0,-120.0,0.1052631578947368,0.8947368421052632,36,BTC
12,-120.0,-110.0,0.1896551724137931,0.8103448275862069,56,BTC
12,-110.0,-100.0,0.2054794520547945,0.7945205479452055,71,BTC
12,-100.0,-90.0,0.2153846153846154,0.7846153846153846,63,BTC
12,-90.0,-80.0,0.2102272727272727,0.7897727272727273,86,BTC
12,-80.0,-70.0,0.2869565217391304,0.7130434782608696,113,BTC
12,-70.0,-60.0,0.1842105263157894,0.8157894736842105,112,BTC
12,-60.0,-50.0,0.2479338842975206,0.7520661157024793,119,BTC
12,-50.0,-40.0,0.2338129496402877,0.7661870503597122,137,BTC
12,-40.0,-30.0,0.3426966292134831,0.6573033707865169,176,BTC
12,-30.0,-20.0,0.3333333333333333,0.6666666666666667,202,BTC
12,-20.0,-10.0,0.4033613445378151,0.5966386554621849,236,BTC
12,-10.0,0.0,0.4369369369369369,0.5630630630630631,220,BTC
12,0.0,10.0,0.5458333333333333,0.4541666666666667,238,BTC
12,10.0,20.0,0.6126126126126126,0.3873873873873874,220,BTC
12,20.0,30.0,0.6902173913043478,0.3097826086956522,182,BTC
12,30.0,40.0,0.6567164179104478,0.3432835820895522,199,BTC
12,40.0,50.0,0.6923076923076923,0.3076923076923077,180,BTC
12,50.0,60.0,0.7453416149068323,0.2546583850931677,159,BTC
12,60.0,70.0,0.704,0.296,123,BTC
12,70.0,80.0,0.85,0.15,118,BTC
12,80.0,90.0,0.7831325301204819,0.2168674698795181,81,BTC
12,90.0,100.0,0.7538461538461538,0.2461538461538461,63,BTC
12,100.0,110.0,0.8493150684931506,0.1506849315068493,71,BTC
12,110.0,120.0,0.8775510204081632,0.1224489795918367,47,BTC
12,120.0,130.0,0.8823529411764706,0.1176470588235294,49,BTC
12,130.0,140.0,0.6857142857142857,0.3142857142857143,33,BTC
12,140.0,150.0,0.7894736842105263,0.2105263157894736,36,BTC
12,160.0,170.0,0.8387096774193549,0.1612903225806451,29,BTC
13,-180.0,-170.0,0.0909090909090909,0.9090909090909092,31,BTC
13,-170.0,-160.0,0.2068965517241379,0.7931034482758621,27,BTC
13,-160.0,-150.0,0.1935483870967742,0.8064516129032258,29,BTC
13,-150.0,-140.0,0.1290322580645161,0.8709677419354839,29,BTC
13,-140.0,-130.0,0.1891891891891892,0.8108108108108107,35,BTC
13,-130.0,-120.0,0.1489361702127659,0.851063829787234,45,BTC
13,-120.0,-110.0,0.1780821917808219,0.821917808219178,71,BTC
13,-110.0,-100.0,0.0923076923076923,0.9076923076923076,63,BTC
13,-100.0,-90.0,0.1865671641791045,0.8134328358208955,65,BTC
13,-90.0,-80.0,0.1375,0.8625,78,BTC
13,-80.0,-70.0,0.2019230769230769,0.7980769230769231,102,BTC
13,-70.0,-60.0,0.1653543307086614,0.8346456692913385,125,BTC
13,-60.0,-50.0,0.3178294573643411,0.6821705426356589,127,BTC
13,-50.0,-40.0,0.278169014084507,0.721830985915493,140,BTC
13,-40.0,-30.0,0.2774566473988439,0.7225433526011561,171,BTC
13,-30.0,-20.0,0.345,0.655,198,BTC
13,-20.0,-10.0,0.3424657534246575,0.6575342465753424,217,BTC
13,-10.0,0.0,0.4948453608247423,0.5051546391752577,192,BTC
13,0.0,10.0,0.5836909871244635,0.4163090128755364,231,BTC
13,10.0,20.0,0.5981735159817352,0.4018264840182648,217,BTC
13,20.0,30.0,0.6378378378378379,0.3621621621621621,183,BTC
13,30.0,40.0,0.6632653061224489,0.336734693877551,194,BTC
13,40.0,50.0,0.6795580110497237,0.3204419889502763,179,BTC
13,50.0,60.0,0.743421052631579,0.256578947368421,150,BTC
13,60.0,70.0,0.7938931297709924,0.2061068702290076,129,BTC
13,70.0,80.0,0.8508771929824561,0.1491228070175438,112,BTC
13,80.0,90.0,0.7927927927927928,0.2072072072072072,109,BTC
13,90.0,100.0,0.78125,0.21875,62,BTC
13,100.0,110.0,0.8360655737704918,0.1639344262295081,59,BTC
13,110.0,120.0,0.8166666666666667,0.1833333333333333,58,BTC
13,120.0,130.0,0.8666666666666667,0.1333333333333333,43,BTC
13,130.0,140.0,0.8333333333333334,0.1666666666666666,34,BTC
13,140.0,150.0,0.7647058823529411,0.2352941176470588,32,BTC
13,150.0,160.0,0.8780487804878049,0.1219512195121951,39,BTC
13,170.0,180.0,0.8846153846153846,0.1153846153846154,24,BTC
13,180.0,190.0,0.75,0.25,22,BTC
14,-190.0,-180.0,0.0714285714285714,0.9285714285714286,26,BTC
14,-180.0,-170.0,0.0833333333333333,0.9166666666666666,22,BTC
14,-170.0,-160.0,0.0869565217391304,0.9130434782608696,21,BTC
14,-160.0,-150.0,0.2142857142857142,0.7857142857142857,26,BTC
14,-150.0,-140.0,0.1212121212121212,0.8787878787878788,31,BTC
14,-140.0,-130.0,0.1363636363636363,0.8636363636363636,42,BTC
14,-130.0,-120.0,0.1458333333333333,0.8541666666666666,46,BTC
14,-120.0,-110.0,0.0943396226415094,0.9056603773584906,51,BTC
14,-110.0,-100.0,0.1785714285714285,0.8214285714285714,54,BTC
14,-100.0,-90.0,0.1538461538461538,0.8461538461538461,89,BTC
14,-90.0,-80.0,0.1823529411764705,0.8176470588235294,83,BTC
14,-80.0,-70.0,0.1504424778761062,0.8495575221238938,111,BTC
14,-70.0,-60.0,0.2477064220183486,0.7522935779816513,107,BTC
14,-60.0,-50.0,0.2296296296296296,0.7703703703703704,133,BTC
14,-50.0,-40.0,0.2554744525547445,0.7445255474452555,135,BTC
14,-40.0,-30.0,0.2926136363636363,0.7073863636363636,174,BTC
14,-30.0,-20.0,0.3021978021978022,0.6978021978021978,180,BTC
14,-20.0,-10.0,0.3761061946902654,0.6238938053097345,224,BTC
14,-10.0,0.0,0.4927536231884058,0.5072463768115942,205,BTC
14,0.0,10.0,0.5599999999999999,0.44,223,BTC
14,10.0,20.0,0.6103286384976526,0.3896713615023474,211,BTC
14,20.0,30.0,0.6494845360824743,0.3505154639175257,192,BTC
14,30.0,40.0,0.6548223350253807,0.3451776649746193,195,BTC
14,40.0,50.0,0.7055214723926381,0.2944785276073619,161,BTC
14,50.0,60.0,0.7658227848101266,0.2341772151898734,156,BTC
14,60.0,70.0,0.7906976744186046,0.2093023255813954,127,BTC
14,70.0,80.0,0.8431372549019608,0.1568627450980392,100,BTC
14,80.0,90.0,0.8409090909090909,0.159090909090909,86,BTC
14,90.0,100.0,0.7671232876712328,0.2328767123287671,71,BTC
14,100.0,110.0,0.8923076923076924,0.1076923076923076,63,BTC
14,110.0,120.0,0.7678571428571429,0.2321428571428571,54,BTC
14,120.0,130.0,0.8863636363636364,0.1136363636363636,42,BTC
14,130.0,140.0,0.935483870967742,0.0645161290322581,29,BTC
14,140.0,150.0,0.851063829787234,0.1489361702127659,45,BTC
14,150.0,160.0,0.9047619047619048,0.0952380952380952,40,BTC
14,160.0,170.0,0.8888888888888888,0.1111111111111111,25,BTC
14,170.0,180.0,0.8666666666666667,0.1333333333333333,28,BTC
15,-200.0,-190.0,0.0357142857142857,0.9642857142857144,26,BTC
15,-190.0,-180.0,0.074074074074074,0.925925925925926,25,BTC
15,-180.0,-170.0,0.1428571428571428,0.8571428571428572,26,BTC
15,-170.0,-160.0,0.2058823529411764,0.7941176470588236,32,BTC
15,-160.0,-150.0,0.04,0.96,23,BTC
15,-150.0,-140.0,0.08,0.92,23,BTC
15,-140.0,-130.0,0.1333333333333333,0.8666666666666667,28,BTC
15,-130.0,-120.0,0.0625,0.9375,46,BTC
15,-120.0,-110.0,0.1333333333333333,0.8666666666666667,58,BTC
15,-110.0,-100.0,0.1408450704225352,0.8591549295774648,69,BTC
15,-100.0,-90.0,0.1222222222222222,0.8777777777777778,88,BTC
15,-90.0,-80.0,0.1923076923076923,0.8076923076923077,89,BTC
15,-80.0,-70.0,0.1808510638297872,0.8191489361702128,92,BTC
15,-70.0,-60.0,0.2016129032258064,0.7983870967741935,122,BTC
15,-60.0,-50.0,0.1968503937007874,0.8031496062992126,125,BTC
15,-50.0,-40.0,0.2795031055900621,0.7204968944099379,159,BTC
15,-40.0,-30.0,0.2877094972067039,0.7122905027932961,177,BTC
15,-30.0,-20.0,0.324022346368715,0.6759776536312849,177,BTC
15,-20.0,-10.0,0.3696682464454976,0.6303317535545023,209,BTC
15,-10.0,0.0,0.4656862745098039,0.5343137254901961,202,BTC
15,0.0,10.0,0.5862068965517241,0.4137931034482759,201,BTC
15,10.0,20.0,0.6682464454976303,0.3317535545023696,209,BTC
15,20.0,30.0,0.6256410256410256,0.3743589743589743,193,BTC
15,30.0,40.0,0.6716417910447762,0.3283582089552238,199,BTC
15,40.0,50.0,0.7212121212121212,0.2787878787878788,163,BTC
15,50.0,60.0,0.7894736842105263,0.2105263157894736,131,BTC
15,60.0,70.0,0.7890625,0.2109375,126,BTC
15,70.0,80.0,0.7777777777777778,0.2222222222222222,106,BTC
15,80.0,90.0,0.8333333333333334,0.1666666666666666,100,BTC
15,90.0,100.0,0.8125,0.1875,78,BTC
15,100.0,110.0,0.9491525423728814,0.0508474576271186,57,BTC
15,110.0,120.0,0.8541666666666666,0.1458333333333333,46,BTC
15,120.0,130.0,0.8679245283018868,0.1320754716981131,51,BTC
15,130.0,140.0,0.9111111111111112,0.0888888888888889,43,BTC
15,140.0,150.0,0.902439024390244,0.097560975609756,39,BTC
15,150.0,160.0,0.9,0.0999999999999999,28,BTC
15,160.0,170.0,0.875,0.125,30,BTC
15,170.0,180.0,0.92,0.0799999999999999,23,BTC
15,180.0,190.0,0.8636363636363636,0.1363636363636363,20,BTC
16,-200.0,-190.0,0.1304347826086956,0.8695652173913043,21,BTC
16,-190.0,-180.0,0.0769230769230769,0.9230769230769232,24,BTC
16,-180.0,-170.0,0.0833333333333333,0.9166666666666666,22,BTC
16,-170.0,-160.0,0.0454545454545454,0.9545454545454546,20,BTC
16,-160.0,-150.0,0.074074074074074,0.925925925925926,25,BTC
16,-150.0,-140.0,0.1481481481481481,0.8518518518518519,25,BTC
16,-140.0,-130.0,0.1538461538461538,0.8461538461538461,24,BTC
16,-130.0,-120.0,0.0892857142857142,0.9107142857142856,54,BTC
16,-120.0,-110.0,0.1044776119402985,0.8955223880597015,65,BTC
16,-110.0,-100.0,0.1029411764705882,0.8970588235294118,66,BTC
16,-100.0,-90.0,0.1551724137931034,0.8448275862068966,85,BTC
16,-90.0,-80.0,0.2,0.8,93,BTC
16,-80.0,-70.0,0.1414141414141414,0.8585858585858586,97,BTC
16,-70.0,-60.0,0.1875,0.8125,110,BTC
16,-60.0,-50.0,0.2592592592592592,0.7407407407407407,133,BTC
16,-50.0,-40.0,0.2516129032258064,0.7483870967741936,153,BTC
16,-40.0,-30.0,0.2623456790123457,0.7376543209876543,160,BTC
16,-30.0,-20.0,0.3478260869565217,0.6521739130434783,182,BTC
16,-20.0,-10.0,0.319634703196347,0.680365296803653,217,BTC
16,-10.0,0.0,0.4536585365853658,0.5463414634146342,203,BTC
16,0.0,10.0,0.5391304347826087,0.4608695652173913,228,BTC
16,10.0,20.0,0.6347305389221557,0.3652694610778443,165,BTC
16,20.0,30.0,0.6829268292682927,0.3170731707317072,203,BTC
16,30.0,40.0,0.7225433526011561,0.2774566473988439,171,BTC
16,40.0,50.0,0.7526881720430108,0.2473118279569892,184,BTC
16,50.0,60.0,0.8473282442748091,0.1526717557251908,129,BTC
16,60.0,70.0,0.7966101694915254,0.2033898305084746,116,BTC
16,70.0,80.0,0.788135593220339,0.211864406779661,116,BTC
16,80.0,90.0,0.8446601941747572,0.1553398058252427,101,BTC
16,90.0,100.0,0.8518518518518519,0.1481481481481481,52,BTC
16,100.0,110.0,0.8333333333333334,0.1666666666666666,70,BTC
16,110.0,120.0,0.88,0.12,48,BTC
16,120.0,130.0,0.9607843137254902,0.0392156862745097,49,BTC
16,130.0,140.0,0.8627450980392157,0.1372549019607842,49,BTC
16,140.0,150.0,0.925925925925926,0.074074074074074,25,BTC
16,150.0,160.0,0.8823529411764706,0.1176470588235294,32,BTC
16,160.0,170.0,0.9166666666666666,0.0833333333333333,34,BTC
16,190.0,200.0,0.9090909090909092,0.0909090909090909,20,BTC
16,200.0,210.0,0.9583333333333334,0.0416666666666666,22,BTC
17,-220.0,-210.0,0.0909090909090909,0.9090909090909092,20,BTC
17,-210.0,-200.0,0.0344827586206896,0.9655172413793104,27,BTC
17,-180.0,-170.0,0.1052631578947368,0.8947368421052632,36,BTC
17,-170.0,-160.0,0.1538461538461538,0.8461538461538461,24,BTC
17,-160.0,-150.0,0.1111111111111111,0.8888888888888888,25,BTC
17,-150.0,-140.0,0.0606060606060606,0.9393939393939394,31,BTC
17,-140.0,-130.0,0.1538461538461538,0.8461538461538461,37,BTC
17,-130.0,-120.0,0.0784313725490196,0.9215686274509804,49,BTC
17,-120.0,-110.0,0.1129032258064516,0.8870967741935484,60,BTC
17,-110.0,-100.0,0.1323529411764706,0.8676470588235294,66,BTC
17,-100.0,-90.0,0.1206896551724138,0.8793103448275862,85,BTC
17,-90.0,-80.0,0.2043010752688172,0.7956989247311828,91,BTC
17,-80.0,-70.0,0.1509433962264151,0.8490566037735849,104,BTC
17,-70.0,-60.0,0.183206106870229,0.816793893129771,129,BTC
17,-60.0,-50.0,0.211864406779661,0.788135593220339,116,BTC
17,-50.0,-40.0,0.237410071942446,0.762589928057554,137,BTC
17,-40.0,-30.0,0.2005988023952095,0.7994011976047904,165,BTC
17,-30.0,-20.0,0.3277777777777778,0.6722222222222223,178,BTC
17,-20.0,-10.0,0.375609756097561,0.624390243902439,203,BTC
17,-10.0,0.0,0.5123152709359606,0.4876847290640393,201,BTC
17,0.0,10.0,0.5070422535211268,0.4929577464788732,211,BTC
17,10.0,20.0,0.6185567010309279,0.3814432989690721,192,BTC
17,20.0,30.0,0.7170731707317073,0.2829268292682927,203,BTC
17,30.0,40.0,0.7162162162162162,0.2837837837837837,146,BTC
17,40.0,50.0,0.7592592592592593,0.2407407407407407,160,BTC
17,50.0,60.0,0.7898089171974523,0.2101910828025477,155,BTC
17,60.0,70.0,0.8135593220338984,0.1864406779661016,116,BTC
17,70.0,80.0,0.8319327731092437,0.1680672268907562,117,BTC
17,80.0,90.0,0.84,0.16,73,BTC
17,90.0,100.0,0.9178082191780822,0.0821917808219178,71,BTC
17,100.0,110.0,0.9322033898305084,0.0677966101694915,57,BTC
17,110.0,120.0,0.8909090909090909,0.1090909090909091,53,BTC
17,120.0,130.0,0.8888888888888888,0.1111111111111111,43,BTC
17,130.0,140.0,0.8679245283018868,0.1320754716981131,51,BTC
17,140.0,150.0,0.8888888888888888,0.1111111111111111,43,BTC
17,150.0,160.0,0.9166666666666666,0.0833333333333333,22,BTC
17,160.0,170.0,0.8823529411764706,0.1176470588235294,32,BTC
17,170.0,180.0,0.8888888888888888,0.1111111111111111,25,BTC
17,180.0,190.0,0.9583333333333334,0.0416666666666666,22,BTC
18,-230.0,-220.0,0.0714285714285714,0.9285714285714286,26,BTC
18,-210.0,-200.0,0.1363636363636363,0.8636363636363636,20,BTC
18,-190.0,-180.0,0.0869565217391304,0.9130434782608696,21,BTC
18,-180.0,-170.0,0.0606060606060606,0.9393939393939394,31,BTC
18,-170.0,-160.0,0.0967741935483871,0.9032258064516128,29,BTC
18,-160.0,-150.0,0.064516129032258,0.935483870967742,29,BTC
18,-150.0,-140.0,0.1142857142857142,0.8857142857142857,33,BTC
18,-140.0,-130.0,0.1219512195121951,0.8780487804878049,39,BTC
18,-130.0,-120.0,0.0943396226415094,0.9056603773584906,51,BTC
18,-120.0,-110.0,0.1384615384615384,0.8615384615384616,63,BTC
18,-110.0,-100.0,0.0869565217391304,0.9130434782608696,67,BTC
18,-100.0,-90.0,0.1744186046511628,0.8255813953488372,84,BTC
18,-90.0,-80.0,0.105,0.895,98,BTC
18,-80.0,-70.0,0.2346938775510204,0.7653061224489796,96,BTC
18,-70.0,-60.0,0.1818181818181818,0.8181818181818181,97,BTC
18,-60.0,-50.0,0.1641791044776119,0.835820895522388,132,BTC
18,-50.0,-40.0,0.21,0.79,148,BTC
18,-40.0,-30.0,0.2012987012987013,0.7987012987012987,152,BTC
18,-30.0,-20.0,0.2941176470588235,0.7058823529411764,168,BTC
18,-20.0,-10.0,0.3684210526315789,0.631578947368421,207,BTC
18,-10.0,0.0,0.4684210526315789,0.531578947368421,188,BTC
18,0.0,10.0,0.5148514851485149,0.4851485148514851,200,BTC
18,10.0,20.0,0.6093023255813953,0.3906976744186047,213,BTC
18,20.0,30.0,0.6994818652849741,0.3005181347150258,191,BTC
18,30.0,40.0,0.7283950617283951,0.2716049382716049,160,BTC
18,40.0,50.0,0.815068493150685,0.184931506849315,144,BTC
18,50.0,60.0,0.7857142857142857,0.2142857142857143,138,BTC
18,60.0,70.0,0.8548387096774194,0.1451612903225806,122,BTC
18,70.0,80.0,0.8245614035087719,0.175438596491228,112,BTC
18,80.0,90.0,0.8924731182795699,0.1075268817204301,91,BTC
18,90.0,100.0,0.9117647058823528,0.088235294117647,66,BTC
18,100.0,110.0,0.8571428571428571,0.1428571428571429,54,BTC
18,110.0,120.0,0.8695652173913043,0.1304347826086956,44,BTC
18,120.0,130.0,0.8596491228070176,0.1403508771929824,55,BTC
18,130.0,140.0,0.9333333333333332,0.0666666666666666,43,BTC
18,140.0,150.0,0.9166666666666666,0.0833333333333333,46,BTC
18,150.0,160.0,0.9743589743589745,0.0256410256410256,37,BTC
18,160.0,170.0,0.96,0.04,23,BTC
18,170.0,180.0,0.9230769230769232,0.0769230769230768,24,BTC
18,180.0,190.0,0.9411764705882352,0.0588235294117647,32,BTC
18,190.0,200.0,0.9583333333333334,0.0416666666666666,22,BTC
18,210.0,220.0,0.9565217391304348,0.0434782608695651,21,BTC
19,-220.0,-210.0,0.08,0.92,23,BTC
19,-190.0,-180.0,0.1034482758620689,0.896551724137931,27,BTC
19,-180.0,-170.0,0.08,0.92,23,BTC
19,-170.0,-160.0,0.088235294117647,0.9117647058823528,32,BTC
19,-160.0,-150.0,0.073170731707317,0.926829268292683,39,BTC
19,-150.0,-140.0,0.024390243902439,0.975609756097561,39,BTC
19,-140.0,-130.0,0.0232558139534883,0.9767441860465116,41,BTC
19,-130.0,-120.0,0.0980392156862745,0.9019607843137256,49,BTC
19,-120.0,-110.0,0.109090909090909,0.8909090909090909,53,BTC
19,-110.0,-100.0,0.108433734939759,0.891566265060241,81,BTC
19,-100.0,-90.0,0.120253164556962,0.879746835443038,77,BTC
19,-90.0,-80.0,0.1647058823529411,0.8352941176470589,83,BTC
19,-80.0,-70.0,0.1442307692307692,0.8557692307692307,102,BTC
19,-70.0,-60.0,0.1150442477876106,0.8849557522123894,111,BTC
19,-60.0,-50.0,0.174757281553398,0.8252427184466019,101,BTC
19,-50.0,-40.0,0.1558441558441558,0.8441558441558441,152,BTC
19,-40.0,-30.0,0.1677018633540372,0.8322981366459627,159,BTC
19,-30.0,-20.0,0.2807486631016043,0.7192513368983957,185,BTC
19,-20.0,-10.0,0.3891625615763547,0.6108374384236452,201,BTC
19,-10.0,0.0,0.4354838709677419,0.564516129032258,184,BTC
19,0.0,10.0,0.5105263157894736,0.4894736842105264,188,BTC
19,10.0,20.0,0.6565656565656566,0.3434343434343434,196,BTC
19,20.0,30.0,0.686046511627907,0.313953488372093,170,BTC
19,30.0,40.0,0.7763975155279504,0.2236024844720495,159,BTC
19,40.0,50.0,0.8251748251748252,0.1748251748251748,141,BTC
19,50.0,60.0,0.8818897637795275,0.1181102362204724,125,BTC
19,60.0,70.0,0.8384615384615385,0.1615384615384615,128,BTC
19,70.0,80.0,0.8702290076335878,0.1297709923664122,129,BTC
19,80.0,90.0,0.8526315789473684,0.1473684210526316,93,BTC
19,90.0,100.0,0.918918918918919,0.081081081081081,72,BTC
19,100.0,110.0,0.881578947368421,0.1184210526315789,74,BTC
19,110.0,120.0,0.9692307692307692,0.0307692307692307,63,BTC
19,120.0,130.0,0.9183673469387756,0.0816326530612244,47,BTC
19,130.0,140.0,0.9444444444444444,0.0555555555555555,34,BTC
19,140.0,150.0,0.825,0.175,38,BTC
19,150.0,160.0,0.9777777777777776,0.0222222222222222,43,BTC
19,160.0,170.0,0.925925925925926,0.074074074074074,25,BTC
19,170.0,180.0,0.9375,0.0625,30,BTC
19,190.0,200.0,0.9629629629629628,0.037037037037037,25,BTC
19,210.0,220.0,0.8928571428571429,0.1071428571428571,26,BTC
20,-230.0,-220.0,0.0869565217391304,0.9130434782608696,21,BTC
20,-200.0,-190.0,0.1290322580645161,0.8709677419354839,29,BTC
20,-190.0,-180.0,0.0344827586206896,0.9655172413793104,27,BTC
20,-170.0,-160.0,0.0588235294117647,0.9411764705882352,32,BTC
20,-160.0,-150.0,0.0606060606060606,0.9393939393939394,31,BTC
20,-150.0,-140.0,0.0238095238095238,0.9761904761904762,40,BTC
20,-140.0,-130.0,0.0888888888888888,0.9111111111111112,43,BTC
20,-130.0,-120.0,0.1166666666666666,0.8833333333333333,58,BTC
20,-120.0,-110.0,0.12,0.88,48,BTC
20,-110.0,-100.0,0.0789473684210526,0.9210526315789472,74,BTC
20,-100.0,-90.0,0.0833333333333333,0.9166666666666666,88,BTC
20,-90.0,-80.0,0.0952380952380952,0.9047619047619048,82,BTC
20,-80.0,-70.0,0.0909090909090909,0.9090909090909092,108,BTC
20,-70.0,-60.0,0.1078431372549019,0.892156862745098,100,BTC
20,-60.0,-50.0,0.1592920353982301,0.8407079646017699,111,BTC
20,-50.0,-40.0,0.1692307692307692,0.8307692307692307,128,BTC
20,-40.0,-30.0,0.1392405063291139,0.8607594936708861,156,BTC
20,-30.0,-20.0,0.2845744680851064,0.7154255319148936,186,BTC
20,-20.0,-10.0,0.3423913043478261,0.6576086956521738,182,BTC
20,-10.0,0.0,0.449438202247191,0.550561797752809,176,BTC
20,0.0,10.0,0.5,0.5,196,BTC
20,10.0,20.0,0.6363636363636365,0.3636363636363635,174,BTC
20,20.0,30.0,0.7700534759358288,0.2299465240641711,185,BTC
20,30.0,40.0,0.7904191616766467,0.2095808383233532,165,BTC
20,40.0,50.0,0.8227848101265823,0.1772151898734176,156,BTC
20,50.0,60.0,0.8473282442748091,0.1526717557251908,129,BTC
20,60.0,70.0,0.8220338983050848,0.1779661016949152,116,BTC
20,70.0,80.0,0.9274193548387096,0.0725806451612903,122,BTC
20,80.0,90.0,0.8316831683168316,0.1683168316831683,99,BTC
20,90.0,100.0,0.8809523809523809,0.119047619047619,82,BTC
20,100.0,110.0,0.9565217391304348,0.0434782608695651,67,BTC
20,110.0,120.0,0.9361702127659576,0.0638297872340425,45,BTC
20,120.0,130.0,0.9577464788732394,0.0422535211267606,69,BTC
20,130.0,140.0,0.8571428571428571,0.1428571428571429,40,BTC
20,140.0,150.0,0.9444444444444444,0.0555555555555555,34,BTC
20,150.0,160.0,0.9111111111111112,0.0888888888888889,43,BTC
20,160.0,170.0,0.9393939393939394,0.0606060606060605,31,BTC
20,170.0,180.0,0.8888888888888888,0.1111111111111111,25,BTC
20,190.0,200.0,0.9545454545454546,0.0454545454545454,20,BTC
20,200.0,210.0,0.9393939393939394,0.0606060606060605,31,BTC
21,-230.0,-220.0,0.0769230769230769,0.9230769230769232,24,BTC
21,-220.0,-210.0,0.0434782608695652,0.9565217391304348,21,BTC
21,-210.0,-200.0,0.0454545454545454,0.9545454545454546,20,BTC
21,-190.0,-180.0,0.0416666666666666,0.9583333333333334,22,BTC
21,-180.0,-170.0,0.1034482758620689,0.896551724137931,27,BTC
21,-170.0,-160.0,0.054054054054054,0.945945945945946,35,BTC
21,-160.0,-150.0,0.027027027027027,0.972972972972973,35,BTC
21,-150.0,-140.0,0.075,0.925,38,BTC
21,-140.0,-130.0,0.04,0.96,48,BTC
21,-130.0,-120.0,0.0454545454545454,0.9545454545454546,42,BTC
21,-120.0,-110.0,0.0649350649350649,0.935064935064935,75,BTC
21,-110.0,-100.0,0.1408450704225352,0.8591549295774648,69,BTC
21,-100.0,-90.0,0.0802469135802469,0.9197530864197532,79,BTC
21,-90.0,-80.0,0.0602409638554216,0.9397590361445785,81,BTC
21,-80.0,-70.0,0.1188118811881188,0.8811881188118812,99,BTC
21,-70.0,-60.0,0.1111111111111111,0.8888888888888888,97,BTC
21,-60.0,-50.0,0.1162790697674418,0.8837209302325582,127,BTC
21,-50.0,-40.0,0.1865671641791045,0.8134328358208955,132,BTC
21,-40.0,-30.0,0.1951219512195122,0.8048780487804879,162,BTC
21,-30.0,-20.0,0.2528089887640449,0.747191011235955,176,BTC
21,-20.0,-10.0,0.2712418300653594,0.7287581699346406,151,BTC
21,-10.0,0.0,0.4271356783919598,0.5728643216080402,197,BTC
21,0.0,10.0,0.4866310160427807,0.5133689839572193,185,BTC
21,10.0,20.0,0.7068965517241379,0.2931034482758621,172,BTC
21,20.0,30.0,0.7647058823529411,0.2352941176470588,185,BTC
21,30.0,40.0,0.7757575757575758,0.2242424242424242,163,BTC
21,40.0,50.0,0.8376623376623377,0.1623376623376623,152,BTC
21,50.0,60.0,0.8688524590163934,0.1311475409836066,120,BTC
21,60.0,70.0,0.8484848484848485,0.1515151515151515,130,BTC
21,70.0,80.0,0.8981481481481481,0.1018518518518518,106,BTC
21,80.0,90.0,0.9270833333333334,0.0729166666666666,94,BTC
21,90.0,100.0,0.9418604651162792,0.0581395348837209,84,BTC
21,100.0,110.0,0.8974358974358975,0.1025641025641025,76,BTC
21,110.0,120.0,0.9206349206349206,0.0793650793650794,61,BTC
21,120.0,130.0,0.9814814814814816,0.0185185185185184,52,BTC
21,130.0,140.0,0.9534883720930232,0.0465116279069767,41,BTC
21,140.0,150.0,0.9523809523809524,0.0476190476190476,40,BTC
21,150.0,160.0,0.9230769230769232,0.0769230769230768,37,BTC
21,160.0,170.0,0.9375,0.0625,30,BTC
21,170.0,180.0,0.9696969696969696,0.0303030303030302,31,BTC
21,180.0,190.0,0.9333333333333332,0.0666666666666666,28,BTC
21,190.0,200.0,0.8846153846153846,0.1153846153846154,24,BTC
22,-220.0,-210.0,0.08,0.92,23,BTC
22,-190.0,-180.0,0.0384615384615384,0.9615384615384616,24,BTC
22,-180.0,-170.0,0.0384615384615384,0.9615384615384616,24,BTC
22,-170.0,-160.0,0.0588235294117647,0.9411764705882352,32,BTC
22,-160.0,-150.0,0.054054054054054,0.945945945945946,35,BTC
22,-150.0,-140.0,0.0588235294117647,0.9411764705882352,49,BTC
22,-140.0,-130.0,0.0476190476190476,0.9523809523809524,40,BTC
22,-130.0,-120.0,0.0476190476190476,0.9523809523809524,61,BTC
22,-120.0,-110.0,0.0769230769230769,0.9230769230769232,63,BTC
22,-110.0,-100.0,0.0847457627118644,0.9152542372881356,57,BTC
22,-100.0,-90.0,0.0543478260869565,0.9456521739130436,90,BTC
22,-90.0,-80.0,0.1,0.9,83,BTC
22,-80.0,-70.0,0.0701754385964912,0.9298245614035088,112,BTC
22,-70.0,-60.0,0.091743119266055,0.908256880733945,107,BTC
22,-60.0,-50.0,0.1065573770491803,0.8934426229508197,120,BTC
22,-50.0,-40.0,0.1159420289855072,0.8840579710144928,136,BTC
22,-40.0,-30.0,0.2,0.8,158,BTC
22,-30.0,-20.0,0.2658227848101265,0.7341772151898734,156,BTC
22,-20.0,-10.0,0.3214285714285714,0.6785714285714286,166,BTC
22,-10.0,0.0,0.430635838150289,0.569364161849711,171,BTC
22,0.0,10.0,0.5148514851485149,0.4851485148514851,200,BTC
22,10.0,20.0,0.6894409937888198,0.3105590062111801,159,BTC
22,20.0,30.0,0.75,0.25,186,BTC
22,30.0,40.0,0.7942857142857143,0.2057142857142857,173,BTC
22,40.0,50.0,0.8873239436619719,0.1126760563380281,140,BTC
22,50.0,60.0,0.8582677165354331,0.1417322834645669,125,BTC
22,60.0,70.0,0.9230769230769232,0.0769230769230768,115,BTC
22,70.0,80.0,0.9304347826086956,0.0695652173913043,113,BTC
22,80.0,90.0,0.9176470588235294,0.0823529411764706,83,BTC
22,90.0,100.0,0.9047619047619048,0.0952380952380952,82,BTC
22,100.0,110.0,0.9493670886075948,0.0506329113924051,77,BTC
22,110.0,120.0,0.9516129032258064,0.0483870967741935,60,BTC
22,120.0,130.0,0.9473684210526316,0.0526315789473684,55,BTC
22,130.0,140.0,0.9454545454545454,0.0545454545454545,53,BTC
22,140.0,150.0,0.9696969696969696,0.0303030303030302,31,BTC
22,150.0,160.0,0.9166666666666666,0.0833333333333333,34,BTC
22,160.0,170.0,0.9743589743589745,0.0256410256410256,37,BTC
22,170.0,180.0,0.9375,0.0625,30,BTC
22,180.0,190.0,0.9230769230769232,0.0769230769230768,24,BTC
22,190.0,200.0,0.967741935483871,0.032258064516129,29,BTC
22,210.0,220.0,0.92,0.0799999999999999,23,BTC
23,-210.0,-200.0,0.0384615384615384,0.9615384615384616,24,BTC
23,-200.0,-190.0,0.0333333333333333,0.9666666666666668,28,BTC
23,-190.0,-180.0,0.0625,0.9375,30,BTC
23,-180.0,-170.0,0.032258064516129,0.967741935483871,29,BTC
23,-170.0,-160.0,0.0303030303030303,0.9696969696969696,31,BTC
23,-160.0,-150.0,0.0476190476190476,0.9523809523809524,40,BTC
23,-150.0,-140.0,0.0652173913043478,0.9347826086956522,44,BTC
23,-140.0,-130.0,0.0625,0.9375,30,BTC
23,-130.0,-120.0,0.0508474576271186,0.9491525423728814,57,BTC
23,-120.0,-110.0,0.0128205128205128,0.9871794871794872,76,BTC
23,-110.0,-100.0,0.0972222222222222,0.9027777777777778,70,BTC
23,-100.0,-90.0,0.034090909090909,0.9659090909090908,86,BTC
23,-90.0,-80.0,0.0523255813953488,0.9476744186046512,84,BTC
23,-80.0,-70.0,0.0892857142857142,0.9107142857142856,110,BTC
23,-70.0,-60.0,0.0727272727272727,0.9272727272727272,108,BTC
23,-60.0,-50.0,0.0967741935483871,0.9032258064516128,122,BTC
23,-50.0,-40.0,0.1311475409836065,0.8688524590163934,120,BTC
23,-40.0,-30.0,0.1987179487179487,0.8012820512820513,154,BTC
23,-30.0,-20.0,0.2235294117647059,0.7764705882352941,168,BTC
23,-20.0,-10.0,0.3354037267080745,0.6645962732919255,159,BTC
23,-10.0,0.0,0.4397905759162304,0.5602094240837696,189,BTC
23,0.0,10.0,0.5664556962025317,0.4335443037974683,156,BTC
23,10.0,20.0,0.6802325581395349,0.3197674418604651,170,BTC
23,20.0,30.0,0.7444444444444445,0.2555555555555555,178,BTC
23,30.0,40.0,0.8218390804597702,0.1781609195402298,172,BTC
23,40.0,50.0,0.8943661971830986,0.1056338028169013,140,BTC
23,50.0,60.0,0.8717948717948718,0.1282051282051282,115,BTC
23,60.0,70.0,0.9056603773584906,0.0943396226415094,104,BTC
23,70.0,80.0,0.9491525423728814,0.0508474576271186,116,BTC
23,80.0,90.0,0.9411764705882352,0.0588235294117647,100,BTC
23,90.0,100.0,0.9264705882352942,0.0735294117647058,66,BTC
23,100.0,110.0,0.9324324324324323,0.0675675675675675,72,BTC
23,110.0,120.0,0.9523809523809524,0.0476190476190476,61,BTC
23,120.0,130.0,0.9545454545454546,0.0454545454545454,64,BTC
23,130.0,140.0,0.9245283018867924,0.0754716981132075,51,BTC
23,140.0,150.0,0.9777777777777776,0.0222222222222222,43,BTC
23,150.0,160.0,0.9565217391304348,0.0434782608695651,44,BTC
23,160.0,170.0,0.8918918918918919,0.1081081081081081,35,BTC
23,170.0,180.0,0.9666666666666668,0.0333333333333333,28,BTC
23,190.0,200.0,0.9655172413793104,0.0344827586206896,27,BTC
23,200.0,210.0,0.96,0.04,23,BTC
23,210.0,220.0,0.9545454545454546,0.0454545454545454,20,BTC
24,-250.0,-240.0,0.0454545454545454,0.9545454545454546,20,BTC
24,-210.0,-200.0,0.0454545454545454,0.9545454545454546,20,BTC
24,-200.0,-190.0,0.0263157894736842,0.9736842105263158,36,BTC
24,-180.0,-170.0,0.037037037037037,0.962962962962963,25,BTC
24,-170.0,-160.0,0.0277777777777777,0.9722222222222222,34,BTC
24,-160.0,-150.0,0.0555555555555555,0.9444444444444444,52,BTC
24,-150.0,-140.0,0.0232558139534883,0.9767441860465116,41,BTC
24,-140.0,-130.0,0.0576923076923076,0.9423076923076924,50,BTC
24,-130.0,-120.0,0.02,0.98,48,BTC
24,-120.0,-110.0,0.0263157894736842,0.9736842105263158,74,BTC
24,-110.0,-100.0,0.0428571428571428,0.9571428571428572,68,BTC
24,-100.0,-90.0,0.1095890410958904,0.8904109589041096,71,BTC
24,-90.0,-80.0,0.0597826086956521,0.9402173913043478,90,BTC
24,-80.0,-70.0,0.048,0.952,123,BTC
24,-70.0,-60.0,0.0625,0.9375,94,BTC
24,-60.0,-50.0,0.1176470588235294,0.8823529411764706,117,BTC
24,-50.0,-40.0,0.0737704918032786,0.9262295081967212,120,BTC
24,-40.0,-30.0,0.1533742331288343,0.8466257668711656,161,BTC
24,-30.0,-20.0,0.192090395480226,0.807909604519774,175,BTC
24,-20.0,-10.0,0.3266666666666666,0.6733333333333333,148,BTC
24,-10.0,0.0,0.4590163934426229,0.540983606557377,181,BTC
24,0.0,10.0,0.5943396226415094,0.4056603773584906,157,BTC
24,10.0,20.0,0.6491228070175439,0.3508771929824561,169,BTC
24,20.0,30.0,0.7784810126582279,0.2215189873417721,156,BTC
24,30.0,40.0,0.8395061728395061,0.1604938271604938,160,BTC
24,40.0,50.0,0.8860759493670886,0.1139240506329114,156,BTC
24,50.0,60.0,0.8943089430894309,0.1056910569105691,121,BTC
24,60.0,70.0,0.9172932330827068,0.0827067669172932,131,BTC
24,70.0,80.0,0.9772727272727272,0.0227272727272727,86,BTC
24,80.0,90.0,0.9158878504672896,0.0841121495327102,105,BTC
24,90.0,100.0,0.9529411764705882,0.0470588235294118,83,BTC
24,100.0,110.0,0.9242424242424242,0.0757575757575758,64,BTC
24,110.0,120.0,0.9692307692307692,0.0307692307692307,63,BTC
24,120.0,130.0,0.967741935483871,0.032258064516129,60,BTC
24,130.0,140.0,0.9818181818181818,0.0181818181818181,53,BTC
24,140.0,150.0,0.9302325581395348,0.0697674418604651,41,BTC
24,150.0,160.0,0.925,0.0749999999999999,38,BTC
24,160.0,170.0,0.9777777777777776,0.0222222222222222,43,BTC
24,170.0,180.0,0.96,0.04,23,BTC
24,180.0,190.0,0.9583333333333334,0.0416666666666666,22,BTC
24,190.0,200.0,0.96875,0.03125,30,BTC
24,200.0,210.0,0.96,0.04,23,BTC
24,210.0,220.0,0.9565217391304348,0.0434782608695651,21,BTC
25,-250.0,-240.0,0.0454545454545454,0.9545454545454546,20,BTC
25,-210.0,-200.0,0.0333333333333333,0.9666666666666668,28,BTC
25,-200.0,-190.0,0.037037037037037,0.962962962962963,25,BTC
25,-180.0,-170.0,0.032258064516129,0.967741935483871,29,BTC
25,-170.0,-160.0,0.0263157894736842,0.9736842105263158,36,BTC
25,-160.0,-150.0,0.025,0.975,38,BTC
25,-150.0,-140.0,0.0363636363636363,0.9636363636363636,53,BTC
25,-140.0,-130.0,0.0181818181818181,0.9818181818181818,53,BTC
25,-130.0,-120.0,0.0238095238095238,0.9761904761904762,40,BTC
25,-120.0,-110.0,0.0350877192982456,0.9649122807017544,55,BTC
25,-110.0,-100.0,0.0125,0.9875,78,BTC
25,-100.0,-90.0,0.0352941176470588,0.9647058823529412,83,BTC
25,-90.0,-80.0,0.0412844036697247,0.9587155963302753,107,BTC
25,-80.0,-70.0,0.0416666666666666,0.9583333333333334,94,BTC
25,-70.0,-60.0,0.072072072072072,0.927927927927928,109,BTC
25,-60.0,-50.0,0.0887096774193548,0.9112903225806452,122,BTC
25,-50.0,-40.0,0.1023622047244094,0.8976377952755905,125,BTC
25,-40.0,-30.0,0.1210191082802547,0.8789808917197452,155,BTC
25,-30.0,-20.0,0.1292134831460674,0.8707865168539326,176,BTC
25,-20.0,-10.0,0.2816901408450704,0.7183098591549295,140,BTC
25,-10.0,0.0,0.4709677419354838,0.5290322580645161,153,BTC
25,0.0,10.0,0.5880681818181818,0.4119318181818182,174,BTC
25,10.0,20.0,0.6987951807228916,0.3012048192771084,164,BTC
25,20.0,30.0,0.7877094972067039,0.2122905027932961,177,BTC
25,30.0,40.0,0.8834355828220859,0.1165644171779141,161,BTC
25,40.0,50.0,0.9629629629629628,0.037037037037037,133,BTC
25,50.0,60.0,0.896551724137931,0.1034482758620689,114,BTC
25,60.0,70.0,0.9166666666666666,0.0833333333333333,118,BTC
25,70.0,80.0,0.9523809523809524,0.0476190476190476,103,BTC
25,80.0,90.0,0.9292929292929292,0.0707070707070707,97,BTC
25,90.0,100.0,0.9726027397260274,0.0273972602739726,71,BTC
25,100.0,110.0,0.987012987012987,0.0129870129870129,75,BTC
25,110.0,120.0,0.9365079365079364,0.0634920634920634,61,BTC
25,120.0,130.0,0.984375,0.015625,62,BTC
25,130.0,140.0,0.96,0.04,48,BTC
25,140.0,150.0,0.9642857142857144,0.0357142857142857,54,BTC
25,150.0,160.0,0.975609756097561,0.024390243902439,39,BTC
25,160.0,170.0,0.9761904761904762,0.0238095238095238,40,BTC
25,170.0,180.0,0.925,0.0749999999999999,38,BTC
25,180.0,190.0,0.96875,0.03125,30,BTC
25,200.0,210.0,0.9565217391304348,0.0434782608695651,21,BTC
25,210.0,220.0,0.96,0.04,23,BTC
25,230.0,240.0,0.9565217391304348,0.0434782608695651,21,BTC
26,-210.0,-200.0,0.0416666666666666,0.9583333333333334,22,BTC
26,-200.0,-190.0,0.03125,0.96875,30,BTC
26,-190.0,-180.0,0.0625,0.9375,30,BTC
26,-180.0,-170.0,0.032258064516129,0.967741935483871,29,BTC
26,-170.0,-160.0,0.0204081632653061,0.979591836734694,47,BTC
26,-160.0,-150.0,0.0238095238095238,0.9761904761904762,40,BTC
26,-150.0,-140.0,0.0217391304347826,0.9782608695652174,44,BTC
26,-140.0,-130.0,0.0208333333333333,0.9791666666666666,46,BTC
26,-130.0,-120.0,0.0196078431372549,0.9803921568627452,49,BTC
26,-120.0,-110.0,0.0303030303030303,0.9696969696969696,64,BTC
26,-110.0,-100.0,0.0389610389610389,0.961038961038961,75,BTC
26,-100.0,-90.0,0.0285714285714285,0.9714285714285714,68,BTC
26,-90.0,-80.0,0.0188679245283018,0.981132075471698,104,BTC
26,-80.0,-70.0,0.0454545454545454,0.9545454545454546,119,BTC
26,-70.0,-60.0,0.0283018867924528,0.9716981132075472,104,BTC
26,-60.0,-50.0,0.042016806722689,0.957983193277311,117,BTC
26,-50.0,-40.0,0.0687022900763358,0.931297709923664,129,BTC
26,-40.0,-30.0,0.0579710144927536,0.9420289855072465,136,BTC
26,-30.0,-20.0,0.1180124223602484,0.8819875776397516,159,BTC
26,-20.0,-10.0,0.2484848484848484,0.7515151515151515,163,BTC
26,-10.0,0.0,0.4928571428571429,0.5071428571428571,138,BTC
26,0.0,10.0,0.6029411764705882,0.3970588235294118,168,BTC
26,10.0,20.0,0.759493670886076,0.240506329113924,156,BTC
26,20.0,30.0,0.8426966292134831,0.1573033707865169,176,BTC
26,30.0,40.0,0.8397435897435898,0.1602564102564102,154,BTC
26,40.0,50.0,0.9343065693430656,0.0656934306569343,135,BTC
26,50.0,60.0,0.9396551724137931,0.0603448275862068,114,BTC
26,60.0,70.0,0.9478260869565216,0.0521739130434782,113,BTC
26,70.0,80.0,0.9818181818181818,0.0181818181818181,108,BTC
26,80.0,90.0,0.9603960396039604,0.0396039603960396,99,BTC
26,90.0,100.0,0.9777777777777776,0.0222222222222222,88,BTC
26,100.0,110.0,0.9594594594594594,0.0405405405405405,72,BTC
26,110.0,120.0,0.9545454545454546,0.0454545454545454,64,BTC
26,120.0,130.0,0.967741935483871,0.032258064516129,60,BTC
26,130.0,140.0,0.9833333333333332,0.0166666666666667,58,BTC
26,140.0,150.0,0.9555555555555556,0.0444444444444444,43,BTC
26,150.0,160.0,0.9736842105263158,0.0263157894736841,36,BTC
26,160.0,170.0,0.9743589743589745,0.0256410256410256,37,BTC
26,170.0,180.0,0.9655172413793104,0.0344827586206896,27,BTC
26,180.0,190.0,0.9714285714285714,0.0285714285714285,33,BTC
26,190.0,200.0,0.9583333333333334,0.0416666666666666,22,BTC
26,200.0,210.0,0.9444444444444444,0.0555555555555555,34,BTC
26,210.0,220.0,0.9583333333333334,0.0416666666666666,22,BTC
27,-230.0,-220.0,0.0416666666666666,0.9583333333333334,22,BTC
27,-220.0,-210.0,0.0434782608695652,0.9565217391304348,21,BTC
27,-210.0,-200.0,0.0357142857142857,0.9642857142857144,26,BTC
27,-200.0,-190.0,0.0294117647058823,0.9705882352941176,32,BTC
27,-190.0,-180.0,0.03125,0.96875,30,BTC
27,-180.0,-170.0,0.0294117647058823,0.9705882352941176,32,BTC
27,-170.0,-160.0,0.0277777777777777,0.9722222222222222,34,BTC
27,-160.0,-150.0,0.0294117647058823,0.9705882352941176,32,BTC
27,-150.0,-140.0,0.0222222222222222,0.9777777777777776,43,BTC
27,-140.0,-130.0,0.0185185185185185,0.9814814814814816,52,BTC
27,-130.0,-120.0,0.0576923076923076,0.9423076923076924,50,BTC
27,-120.0,-110.0,0.0151515151515151,0.9848484848484848,64,BTC
27,-110.0,-100.0,0.0126582278481012,0.9873417721518988,77,BTC
27,-100.0,-90.0,0.0120481927710843,0.9879518072289156,81,BTC
27,-90.0,-80.0,0.0283018867924528,0.9716981132075472,104,BTC
27,-80.0,-70.0,0.0384615384615384,0.9615384615384616,102,BTC
27,-70.0,-60.0,0.03,0.97,98,BTC
27,-60.0,-50.0,0.0112781954887218,0.9887218045112782,131,BTC
27,-50.0,-40.0,0.0232558139534883,0.9767441860465116,127,BTC
27,-40.0,-30.0,0.0748299319727891,0.9251700680272108,145,BTC
27,-30.0,-20.0,0.0986842105263157,0.9013157894736842,150,BTC
27,-20.0,-10.0,0.1721854304635761,0.8278145695364238,149,BTC
27,-10.0,0.0,0.4324324324324324,0.5675675675675675,146,BTC
27,0.0,10.0,0.5771604938271605,0.4228395061728395,160,BTC
27,10.0,20.0,0.8209876543209876,0.1790123456790123,160,BTC
27,20.0,30.0,0.8571428571428571,0.1428571428571429,159,BTC
27,30.0,40.0,0.94375,0.05625,158,BTC
27,40.0,50.0,0.9366197183098592,0.0633802816901408,140,BTC
27,50.0,60.0,0.9393939393939394,0.0606060606060605,130,BTC
27,60.0,70.0,0.9818181818181818,0.0181818181818181,108,BTC
27,70.0,80.0,0.9818181818181818,0.0181818181818181,108,BTC
27,80.0,90.0,0.9791666666666666,0.0208333333333333,94,BTC
27,90.0,100.0,0.9767441860465116,0.0232558139534884,84,BTC
27,100.0,110.0,0.986842105263158,0.0131578947368421,74,BTC
27,110.0,120.0,0.9622641509433962,0.0377358490566037,51,BTC
27,120.0,130.0,0.9696969696969696,0.0303030303030302,64,BTC
27,130.0,140.0,0.9846153846153848,0.0153846153846153,63,BTC
27,140.0,150.0,0.98,0.02,48,BTC
27,150.0,160.0,0.9655172413793104,0.0344827586206896,27,BTC
27,160.0,170.0,0.975609756097561,0.024390243902439,39,BTC
27,170.0,180.0,0.9666666666666668,0.0333333333333333,28,BTC
27,180.0,190.0,0.9696969696969696,0.0303030303030302,31,BTC
27,190.0,200.0,0.972972972972973,0.0270270270270269,35,BTC
27,200.0,210.0,0.9545454545454546,0.0454545454545454,20,BTC
27,210.0,220.0,0.9565217391304348,0.0434782608695651,21,BTC
28,-230.0,-220.0,0.0357142857142857,0.9642857142857144,26,BTC
28,-220.0,-210.0,0.0333333333333333,0.9666666666666668,28,BTC
28,-210.0,-200.0,0.0333333333333333,0.9666666666666668,28,BTC
28,-200.0,-190.0,0.0416666666666666,0.9583333333333334,22,BTC
28,-190.0,-180.0,0.03125,0.96875,30,BTC
28,-180.0,-170.0,0.0357142857142857,0.9642857142857144,26,BTC
28,-170.0,-160.0,0.032258064516129,0.967741935483871,29,BTC
28,-160.0,-150.0,0.024390243902439,0.975609756097561,39,BTC
28,-150.0,-140.0,0.0181818181818181,0.9818181818181818,53,BTC
28,-140.0,-130.0,0.0208333333333333,0.9791666666666666,46,BTC
28,-130.0,-120.0,0.0144927536231884,0.9855072463768116,67,BTC
28,-120.0,-110.0,0.0151515151515151,0.9848484848484848,64,BTC
28,-110.0,-100.0,0.0121951219512195,0.9878048780487804,80,BTC
28,-100.0,-90.0,0.0219780219780219,0.978021978021978,89,BTC
28,-90.0,-80.0,0.0098039215686274,0.9901960784313726,100,BTC
28,-80.0,-70.0,0.0106382978723404,0.9893617021276596,92,BTC
28,-70.0,-60.0,0.0178571428571428,0.9821428571428572,110,BTC
28,-60.0,-50.0,0.009090909090909,0.990909090909091,108,BTC
28,-50.0,-40.0,0.0364963503649635,0.9635036496350364,135,BTC
28,-40.0,-30.0,0.0428571428571428,0.9571428571428572,138,BTC
28,-30.0,-20.0,0.0382165605095541,0.961783439490446,155,BTC
28,-20.0,-10.0,0.1223021582733813,0.8776978417266187,137,BTC
28,-10.0,0.0,0.2259259259259259,0.7740740740740741,133,BTC
28,0.0,10.0,0.696319018404908,0.303680981595092,161,BTC
28,10.0,20.0,0.8857142857142857,0.1142857142857143,173,BTC
28,20.0,30.0,0.9166666666666666,0.0833333333333333,154,BTC
28,30.0,40.0,0.94375,0.05625,158,BTC
28,40.0,50.0,0.9483870967741936,0.0516129032258064,153,BTC
28,50.0,60.0,0.991150442477876,0.0088495575221239,111,BTC
28,60.0,70.0,0.981651376146789,0.018348623853211,107,BTC
28,70.0,80.0,0.9907407407407408,0.0092592592592593,106,BTC
28,80.0,90.0,0.9896907216494846,0.0103092783505154,95,BTC
28,90.0,100.0,0.9876543209876544,0.0123456790123457,79,BTC
28,100.0,110.0,0.987012987012987,0.0129870129870129,75,BTC
28,110.0,120.0,0.9814814814814816,0.0185185185185184,52,BTC
28,120.0,130.0,0.9852941176470588,0.0147058823529411,66,BTC
28,130.0,140.0,0.9824561403508772,0.0175438596491228,55,BTC
28,140.0,150.0,0.979591836734694,0.0204081632653061,47,BTC
28,150.0,160.0,0.98,0.02,48,BTC
28,160.0,170.0,0.9629629629629628,0.037037037037037,25,BTC
28,170.0,180.0,0.9803921568627452,0.0196078431372549,49,BTC
28,180.0,190.0,0.9736842105263158,0.0263157894736841,36,BTC
28,190.0,200.0,0.9642857142857144,0.0357142857142857,26,BTC
28,200.0,210.0,0.9565217391304348,0.0434782608695651,21,BTC
28,210.0,220.0,0.9545454545454546,0.0454545454545454,20,BTC
29,-240.0,-230.0,0.0454545454545454,0.9545454545454546,20,BTC
29,-230.0,-220.0,0.0384615384615384,0.9615384615384616,24,BTC
29,-220.0,-210.0,0.0434782608695652,0.9565217391304348,21,BTC
29,-210.0,-200.0,0.0333333333333333,0.9666666666666668,28,BTC
29,-200.0,-190.0,0.037037037037037,0.962962962962963,25,BTC
29,-190.0,-180.0,0.0344827586206896,0.9655172413793104,27,BTC
29,-180.0,-170.0,0.0285714285714285,0.9714285714285714,33,BTC
29,-170.0,-160.0,0.0277777777777777,0.9722222222222222,34,BTC
29,-160.0,-150.0,0.0212765957446808,0.9787234042553192,45,BTC
29,-150.0,-140.0,0.0166666666666666,0.9833333333333332,58,BTC
29,-140.0,-130.0,0.0208333333333333,0.9791666666666666,46,BTC
29,-130.0,-120.0,0.0166666666666666,0.9833333333333332,58,BTC
29,-120.0,-110.0,0.0144927536231884,0.9855072463768116,67,BTC
29,-110.0,-100.0,0.0131578947368421,0.986842105263158,74,BTC
29,-100.0,-90.0,0.0125,0.9875,78,BTC
29,-90.0,-80.0,0.0099009900990099,0.99009900990099,99,BTC
29,-80.0,-70.0,0.0104166666666666,0.9895833333333334,94,BTC
29,-70.0,-60.0,0.0082644628099173,0.9917355371900828,119,BTC
29,-60.0,-50.0,0.0083333333333333,0.9916666666666668,118,BTC
29,-50.0,-40.0,0.0083333333333333,0.9916666666666668,118,BTC
29,-40.0,-30.0,0.0074626865671641,0.9925373134328358,132,BTC
29,-30.0,-20.0,0.0059523809523809,0.9940476190476192,166,BTC
29,-20.0,-10.0,0.0069930069930069,0.993006993006993,141,BTC
29,-10.0,0.0,0.0065359477124183,0.9934640522875816,151,BTC
29,0.0,10.0,0.9864864864864864,0.0135135135135134,146,BTC
29,10.0,20.0,0.9935064935064936,0.0064935064935064,152,BTC
29,20.0,30.0,0.994011976047904,0.0059880239520958,165,BTC
29,30.0,40.0,0.9925925925925926,0.0074074074074074,133,BTC
29,40.0,50.0,0.9935483870967742,0.0064516129032258,153,BTC
29,50.0,60.0,0.9903846153846154,0.0096153846153845,102,BTC
29,60.0,70.0,0.9915966386554622,0.0084033613445377,117,BTC
29,70.0,80.0,0.9912280701754386,0.0087719298245614,112,BTC
29,80.0,90.0,0.9893617021276596,0.0106382978723403,92,BTC
29,90.0,100.0,0.986842105263158,0.0131578947368421,74,BTC
29,100.0,110.0,0.9871794871794872,0.0128205128205127,76,BTC
29,110.0,120.0,0.9863013698630136,0.0136986301369863,71,BTC
29,120.0,130.0,0.984375,0.015625,62,BTC
29,130.0,140.0,0.9787234042553192,0.0212765957446808,45,BTC
29,140.0,150.0,0.9814814814814816,0.0185185185185184,52,BTC
29,150.0,160.0,0.9772727272727272,0.0227272727272727,42,BTC
29,160.0,170.0,0.972972972972973,0.0270270270270269,35,BTC
29,170.0,180.0,0.9761904761904762,0.0238095238095238,40,BTC
29,180.0,190.0,0.96875,0.03125,30,BTC
29,190.0,200.0,0.9696969696969696,0.0303030303030302,31,BTC
29,200.0,210.0,0.9615384615384616,0.0384615384615384,24,BTC
29,210.0,220.0,0.9615384615384616,0.0384615384615384,24,BTC
1,-10.0,0.0,0.4237421383647798,0.5762578616352201,1906,ETH
1,0.0,10.0,0.574963959634791,0.425036040365209,2079,ETH
2,-10.0,0.0,0.398380355276907,0.601619644723093,1912,ETH
2,0.0,10.0,0.5983050847457627,0.4016949152542373,2063,ETH
3,-10.0,0.0,0.3869047619047619,0.6130952380952381,1930,ETH
3,0.0,10.0,0.6109474717722141,0.3890525282277859,2035,ETH
4,-10.0,0.0,0.3773633111905978,0.6226366888094022,1955,ETH
4,0.0,10.0,0.6235,0.3764999999999999,1998,ETH
4,10.0,20.0,0.8541666666666666,0.1458333333333333,22,ETH
5,-10.0,0.0,0.3705017739483021,0.6294982260516979,1971,ETH
5,0.0,10.0,0.6342451874366768,0.3657548125633232,1972,ETH
5,10.0,20.0,0.84,0.16,23,ETH
6,-20.0,-10.0,0.0625,0.9375,30,ETH
6,-10.0,0.0,0.3545597484276729,0.645440251572327,1906,ETH
6,0.0,10.0,0.6442687747035574,0.3557312252964426,2022,ETH
6,10.0,20.0,0.8448275862068966,0.1551724137931034,27,ETH
7,-20.0,-10.0,0.0697674418604651,0.9302325581395348,41,ETH
7,-10.0,0.0,0.3388192267502612,0.6611807732497388,1912,ETH
7,0.0,10.0,0.6599799398194583,0.3400200601805416,1992,ETH
7,10.0,20.0,0.8953488372093024,0.1046511627906976,41,ETH
8,-20.0,-10.0,0.1521739130434782,0.8478260869565217,44,ETH
8,-10.0,0.0,0.3190651260504201,0.6809348739495799,1902,ETH
8,0.0,10.0,0.6748867639657775,0.3251132360342225,1985,ETH
8,10.0,20.0,0.9181818181818182,0.0818181818181817,53,ETH
9,-20.0,-10.0,0.0952380952380952,0.9047619047619048,40,ETH
9,-10.0,0.0,0.3138743455497382,0.6861256544502619,1908,ETH
9,0.0,10.0,0.6818866031108881,0.3181133968891119,1991,ETH
9,10.0,20.0,0.9204545454545454,0.0795454545454545,42,ETH
10,-20.0,-10.0,0.1136363636363636,0.8863636363636364,42,ETH
10,-10.0,0.0,0.2972617166929963,0.7027382833070037,1897,ETH
10,0.0,10.0,0.6955867602808425,0.3044132397191574,1992,ETH
10,10.0,20.0,0.9326923076923076,0.0673076923076922,50,ETH
11,-20.0,-10.0,0.078125,0.921875,62,ETH
11,-10.0,0.0,0.2877906976744186,0.7122093023255813,1890,ETH
11,0.0,10.0,0.706494165398275,0.2935058346017249,1969,ETH
11,10.0,20.0,0.9838709677419356,0.0161290322580645,60,ETH
12,-20.0,-10.0,0.1,0.9,68,ETH
12,-10.0,0.0,0.2829333333333333,0.7170666666666667,1873,ETH
12,0.0,10.0,0.709685598377282,0.290314401622718,1970,ETH
12,10.0,20.0,0.9411764705882352,0.0588235294117647,66,ETH
13,-20.0,-10.0,0.0416666666666666,0.9583333333333334,70,ETH
13,-10.0,0.0,0.2782817502668089,0.7217182497331911,1872,ETH
13,0.0,10.0,0.7155612244897959,0.2844387755102041,1958,ETH
13,10.0,20.0,0.9726027397260274,0.0273972602739726,71,ETH
14,-20.0,-10.0,0.0568181818181818,0.9431818181818182,86,ETH
14,-10.0,0.0,0.2658261802575107,0.7341738197424893,1862,ETH
14,0.0,10.0,0.7297992794647452,0.2702007205352548,1941,ETH
14,10.0,20.0,0.96875,0.03125,78,ETH
15,-20.0,-10.0,0.0568181818181818,0.9431818181818182,86,ETH
15,-10.0,0.0,0.2511987213638785,0.7488012786361214,1875,ETH
15,0.0,10.0,0.7471443406022845,0.2528556593977155,1924,ETH
15,10.0,20.0,0.9602272727272728,0.0397727272727272,86,ETH
16,-20.0,-10.0,0.0467289719626168,0.9532710280373832,105,ETH
16,-10.0,0.0,0.2419012214551248,0.7580987785448752,1881,ETH
16,0.0,10.0,0.7644889357218124,0.2355110642781875,1896,ETH
16,10.0,20.0,0.9606741573033708,0.0393258426966292,87,ETH
17,-20.0,-10.0,0.0526315789473684,0.9473684210526316,112,ETH
17,-10.0,0.0,0.2328730748805098,0.7671269251194902,1881,ETH
17,0.0,10.0,0.775880469583778,0.224119530416222,1872,ETH
17,10.0,20.0,0.9545454545454546,0.0454545454545454,97,ETH
18,-20.0,-10.0,0.0491803278688524,0.9508196721311476,120,ETH
18,-10.0,0.0,0.2224906065485775,0.7775093934514224,1861,ETH
18,0.0,10.0,0.7836691410392365,0.2163308589607635,1884,ETH
18,10.0,20.0,0.9545454545454546,0.0454545454545454,97,ETH
19,-20.0,-10.0,0.0573770491803278,0.9426229508196722,120,ETH
19,-10.0,0.0,0.1984298863021115,0.8015701136978884,1845,ETH
19,0.0,10.0,0.8007894736842105,0.1992105263157895,1898,ETH
19,10.0,20.0,0.9702970297029704,0.0297029702970297,99,ETH
20,-20.0,-10.0,0.040983606557377,0.9590163934426228,120,ETH
20,-10.0,0.0,0.1818932305998899,0.8181067694001101,1815,ETH
20,0.0,10.0,0.8089536699635607,0.1910463300364393,1919,ETH
20,10.0,20.0,0.9563106796116504,0.0436893203883494,101,ETH
21,-20.0,-10.0,0.0289855072463768,0.9710144927536232,136,ETH
21,-10.0,0.0,0.1787479406919275,0.8212520593080725,1819,ETH
21,0.0,10.0,0.8199052132701422,0.1800947867298578,1897,ETH
21,10.0,20.0,0.9752475247524752,0.0247524752475247,99,ETH
21,20.0,30.0,0.96,0.04,23,ETH
22,-20.0,-10.0,0.0151515151515151,0.9848484848484848,130,ETH
22,-10.0,0.0,0.1651200873362445,0.8348799126637555,1830,ETH
22,0.0,10.0,0.8366967604885821,0.1633032395114179,1881,ETH
22,10.0,20.0,0.9905660377358492,0.0094339622641509,104,ETH
22,20.0,30.0,0.9583333333333334,0.0416666666666666,22,ETH
23,-20.0,-10.0,0.0136986301369863,0.9863013698630136,144,ETH
23,-10.0,0.0,0.1513230429988974,0.8486769570011026,1812,ETH
23,0.0,10.0,0.8478144989339019,0.152185501066098,1874,ETH
23,10.0,20.0,0.9831932773109244,0.0168067226890756,117,ETH
23,20.0,30.0,0.9565217391304348,0.0434782608695651,21,ETH
24,-20.0,-10.0,0.0139860139860139,0.986013986013986,141,ETH
24,-10.0,0.0,0.1423139598044541,0.857686040195546,1839,ETH
24,0.0,10.0,0.8656957928802589,0.1343042071197411,1852,ETH
24,10.0,20.0,0.9741379310344828,0.0258620689655172,114,ETH
24,20.0,30.0,0.9565217391304348,0.0434782608695651,21,ETH
25,-20.0,-10.0,0.0139860139860139,0.986013986013986,141,ETH
25,-10.0,0.0,0.113747954173486,0.886252045826514,1831,ETH
25,0.0,10.0,0.8916216216216216,0.1083783783783783,1848,ETH
25,10.0,20.0,0.991869918699187,0.008130081300813,121,ETH
25,20.0,30.0,0.9565217391304348,0.0434782608695651,21,ETH
26,-30.0,-20.0,0.0454545454545454,0.9545454545454546,20,ETH
26,-20.0,-10.0,0.0066225165562913,0.9933774834437086,149,ETH
26,-10.0,0.0,0.0982484948002189,0.9017515051997812,1825,ETH
26,0.0,10.0,0.9096548004314996,0.0903451995685005,1852,ETH
26,10.0,20.0,0.9823008849557522,0.0176991150442478,111,ETH
26,20.0,30.0,0.9565217391304348,0.0434782608695651,21,ETH
27,-30.0,-20.0,0.04,0.96,23,ETH
27,-20.0,-10.0,0.0133333333333333,0.9866666666666668,148,ETH
27,-10.0,0.0,0.0705268935236004,0.9294731064763996,1820,ETH
27,0.0,10.0,0.9340032590983162,0.0659967409016838,1839,ETH
27,10.0,20.0,0.9924242424242424,0.0075757575757575,130,ETH
28,-30.0,-20.0,0.0384615384615384,0.9615384615384616,24,ETH
28,-20.0,-10.0,0.0067567567567567,0.9932432432432432,146,ETH
28,-10.0,0.0,0.0460055096418732,0.9539944903581268,1813,ETH
28,0.0,10.0,0.9552360282148672,0.0447639717851329,1841,ETH
28,10.0,20.0,0.9855072463768116,0.0144927536231883,136,ETH
29,-30.0,-20.0,0.0357142857142857,0.9642857142857144,26,ETH
29,-20.0,-10.0,0.00625,0.99375,158,ETH
29,-10.0,0.0,0.0005561735261401,0.99944382647386,1796,ETH
29,0.0,10.0,0.9989200863930886,0.0010799136069113,1850,ETH
29,10.0,20.0,0.9921875,0.0078125,126,ETH
29,20.0,30.0,0.9545454545454546,0.0454545454545454,20,ETH
1,-10.0,0.0,0.400057273768614,0.599942726231386,1744,SOL
1,0.0,10.0,0.5606397156819192,0.4393602843180808,2249,SOL
2,-10.0,0.0,0.3904494382022472,0.6095505617977528,1778,SOL
2,0.0,10.0,0.5708164185836716,0.4291835814163284,2215,SOL
3,-10.0,0.0,0.3708627238198589,0.629137276180141,1841,SOL
3,0.0,10.0,0.5928505106778087,0.4071494893221913,2152,SOL
4,-10.0,0.0,0.3505838641188959,0.649416135881104,1882,SOL
4,0.0,10.0,0.6152389966871746,0.3847610033128253,2111,SOL
5,-10.0,0.0,0.3369738945125199,0.66302610548748,1875,SOL
5,0.0,10.0,0.6264150943396226,0.3735849056603774,2118,SOL
6,-10.0,0.0,0.3254182406907717,0.6745817593092283,1851,SOL
6,0.0,10.0,0.6331623134328358,0.3668376865671642,2142,SOL
7,-10.0,0.0,0.3117678381256656,0.6882321618743343,1876,SOL
7,0.0,10.0,0.6488909863142992,0.3511090136857008,2117,SOL
8,-10.0,0.0,0.3036858974358974,0.6963141025641026,1870,SOL
8,0.0,10.0,0.6550588235294118,0.3449411764705882,2123,SOL
9,-10.0,0.0,0.2907348242811501,0.7092651757188498,1876,SOL
9,0.0,10.0,0.667531854648419,0.332468145351581,2117,SOL
10,-10.0,0.0,0.2761194029850746,0.7238805970149254,1874,SOL
10,0.0,10.0,0.6801037246581801,0.3198962753418198,2119,SOL
11,-10.0,0.0,0.2656914893617021,0.7343085106382978,1878,SOL
11,0.0,10.0,0.6901275389702409,0.309872461029759,2115,SOL
12,-10.0,0.0,0.2586477987421384,0.7413522012578616,1906,SOL
12,0.0,10.0,0.7022498803255146,0.2977501196744854,2087,SOL
13,-10.0,0.0,0.2452830188679245,0.7547169811320755,1906,SOL
13,0.0,10.0,0.7144566778362853,0.2855433221637147,2087,SOL
14,-10.0,0.0,0.2354318418314256,0.7645681581685744,1920,SOL
14,0.0,10.0,0.7267469879518073,0.2732530120481927,2073,SOL
15,-10.0,0.0,0.2193164163645779,0.780683583635422,1929,SOL
15,0.0,10.0,0.7439496611810261,0.2560503388189739,2064,SOL
16,-10.0,0.0,0.2113507960965588,0.7886492039034412,1945,SOL
16,0.0,10.0,0.755609756097561,0.244390243902439,2048,SOL
17,-10.0,0.0,0.1979328165374677,0.8020671834625324,1933,SOL
17,0.0,10.0,0.7650339476236664,0.2349660523763336,2060,SOL
18,-10.0,0.0,0.1856921487603305,0.8143078512396694,1934,SOL
18,0.0,10.0,0.7766990291262136,0.2233009708737864,2058,SOL
19,-10.0,0.0,0.1626756897449245,0.8373243102550755,1919,SOL
19,0.0,10.0,0.7937349397590362,0.2062650602409638,2073,SOL
20,-10.0,0.0,0.1544841886988076,0.8455158113011924,1927,SOL
20,0.0,10.0,0.8038219641993227,0.1961780358006772,2065,SOL
21,-10.0,0.0,0.137448132780083,0.8625518672199171,1926,SOL
21,0.0,10.0,0.8193907156673114,0.1806092843326886,2066,SOL
22,-10.0,0.0,0.1320368474923234,0.8679631525076765,1952,SOL
22,0.0,10.0,0.8332517140058766,0.1667482859941234,2040,SOL
23,-10.0,0.0,0.1223650385604113,0.8776349614395886,1943,SOL
23,0.0,10.0,0.8393466601657728,0.1606533398342272,2049,SOL
24,-10.0,0.0,0.113940329218107,0.886059670781893,1942,SOL
24,0.0,10.0,0.8469785575048733,0.1530214424951267,2050,SOL
25,-10.0,0.0,0.0837602459016393,0.9162397540983608,1950,SOL
25,0.0,10.0,0.8786692759295499,0.12133072407045,2042,SOL
26,-10.0,0.0,0.0688073394495412,0.9311926605504588,1960,SOL
26,0.0,10.0,0.8970009832841691,0.1029990167158309,2032,SOL
27,-10.0,0.0,0.0509683995922528,0.9490316004077471,1960,SOL
27,0.0,10.0,0.9142084562438544,0.0857915437561455,2032,SOL
28,-10.0,0.0,0.036349771225216,0.963650228774784,1965,SOL
28,0.0,10.0,0.9305076392311484,0.0694923607688516,2027,SOL
29,-10.0,0.0,0.000502512562814,0.999497487437186,1988,SOL
29,0.0,10.0,0.976321036889332,0.0236789631106679,2004,SOL
1,-10.0,0.0,0.4010359869138495,0.5989640130861504,1832,XRP
1,0.0,10.0,0.5710987996306556,0.4289012003693444,2164,XRP
2,-10.0,0.0,0.3796049119060331,0.6203950880939668,1871,XRP
2,0.0,10.0,0.5930888575458392,0.4069111424541608,2125,XRP
3,-10.0,0.0,0.3673629242819843,0.6326370757180156,1913,XRP
3,0.0,10.0,0.6086330935251798,0.3913669064748202,2083,XRP
4,-10.0,0.0,0.3545734840698869,0.6454265159301131,1944,XRP
4,0.0,10.0,0.6243914313534566,0.3756085686465433,2052,XRP
5,-10.0,0.0,0.3451646090534979,0.6548353909465021,1942,XRP
5,0.0,10.0,0.6330252918287937,0.3669747081712062,2054,XRP
6,-10.0,0.0,0.3383419689119171,0.6616580310880829,1928,XRP
6,0.0,10.0,0.6374396135265701,0.3625603864734299,2068,XRP
7,-10.0,0.0,0.3137913223140496,0.6862086776859504,1934,XRP
7,0.0,10.0,0.6611730489578284,0.3388269510421716,2061,XRP
8,-10.0,0.0,0.3058974358974359,0.6941025641025641,1948,XRP
8,0.0,10.0,0.6710590531966814,0.3289409468033186,2047,XRP
9,-10.0,0.0,0.2985264227642276,0.7014735772357723,1966,XRP
9,0.0,10.0,0.6814377154111275,0.3185622845888725,2029,XRP
10,-10.0,0.0,0.2750128270908158,0.7249871729091841,1947,XRP
10,0.0,10.0,0.7002439024390243,0.2997560975609756,2048,XRP
11,-10.0,0.0,0.2672325102880658,0.7327674897119342,1942,XRP
11,0.0,10.0,0.7065693430656934,0.2934306569343066,2053,XRP
12,-10.0,0.0,0.25,0.75,1946,XRP
12,0.0,10.0,0.7237932715748415,0.2762067284251585,2049,XRP
13,-10.0,0.0,0.2376879212026957,0.7623120787973043,1927,XRP
13,0.0,10.0,0.7309178743961353,0.2690821256038647,2068,XRP
14,-10.0,0.0,0.2275295326142783,0.7724704673857217,1945,XRP
14,0.0,10.0,0.7448830409356725,0.2551169590643275,2050,XRP
15,-10.0,0.0,0.2253807106598984,0.7746192893401015,1968,XRP
15,0.0,10.0,0.7528339083292263,0.2471660916707737,2027,XRP
16,-10.0,0.0,0.215334008097166,0.784665991902834,1974,XRP
16,0.0,10.0,0.764211566979733,0.2357884330202669,2021,XRP
17,-10.0,0.0,0.206630109670987,0.793369890329013,2004,XRP
17,0.0,10.0,0.7812343201204215,0.2187656798795785,1991,XRP
18,-10.0,0.0,0.1988465396188565,0.8011534603811434,1992,XRP
18,0.0,10.0,0.7855361596009975,0.2144638403990024,2003,XRP
19,-10.0,0.0,0.1817503729487817,0.8182496270512183,2009,XRP
19,0.0,10.0,0.8078470824949698,0.1921529175050301,1986,XRP
20,-10.0,0.0,0.159908768373036,0.840091231626964,1971,XRP
20,0.0,10.0,0.8173741362290227,0.1826258637709773,2024,XRP
21,-10.0,0.0,0.154696132596685,0.8453038674033149,1989,XRP
21,0.0,10.0,0.8284362549800797,0.1715637450199203,2006,XRP
22,-10.0,0.0,0.1419191919191919,0.8580808080808081,1978,XRP
22,0.0,10.0,0.837295690936107,0.162704309063893,2017,XRP
23,-10.0,0.0,0.1282762096774193,0.8717237903225806,1982,XRP
23,0.0,10.0,0.8521091811414392,0.1478908188585608,2013,XRP
24,-10.0,0.0,0.116624685138539,0.8833753148614609,1983,XRP
24,0.0,10.0,0.8639523336643495,0.1360476663356504,2012,XRP
25,-10.0,0.0,0.0910237014624306,0.9089762985375692,1981,XRP
25,0.0,10.0,0.8883928571428571,0.1116071428571429,2014,XRP
26,-10.0,0.0,0.075075075075075,0.924924924924925,1996,XRP
26,0.0,10.0,0.9102948525737132,0.0897051474262868,1999,XRP
27,-10.0,0.0,0.0553319919517102,0.9446680080482898,1986,XRP
27,0.0,10.0,0.9256588761810044,0.0743411238189954,2009,XRP
28,-10.0,0.0,0.0344048216976393,0.9655951783023606,1989,XRP
28,0.0,10.0,0.9477091633466136,0.0522908366533864,2006,XRP
29,-10.0,0.0,0.0004997501249375,0.9995002498750624,1999,XRP
29,0.0,10.0,0.9862362362362362,0.0137637637637637,1996,XRP
