minute,inf_range,sup_range,prob_up,prob_down,count_of_klines_inside_range,ticker
1,-160.0,-150.0,0.2962962962962963,0.7037037037037037,25,BTC
1,-150.0,-140.0,0.3428571428571428,0.6571428571428571,33,BTC
1,-140.0,-130.0,0.2368421052631578,0.7631578947368421,36,BTC
1,-130.0,-120.0,0.3478260869565217,0.6521739130434783,44,BTC
1,-120.0,-110.0,0.2711864406779661,0.728813559322034,57,BTC
1,-110.0,-100.0,0.4266666666666667,0.5733333333333333,73,BTC
1,-100.0,-90.0,0.3584905660377358,0.6415094339622642,104,BTC
1,-90.0,-80.0,0.35,0.65,118,BTC
1,-80.0,-70.0,0.3483870967741935,0.6516129032258065,153,BTC
1,-70.0,-60.0,0.3309178743961353,0.6690821256038647,205,BTC
1,-60.0,-50.0,0.3769230769230769,0.6230769230769231,258,BTC
1,-50.0,-40.0,0.3830409356725146,0.6169590643274854,340,BTC
1,-40.0,-30.0,0.3913978494623656,0.6086021505376344,463,BTC
1,-30.0,-20.0,0.4323432343234323,0.5676567656765676,604,BTC
1,-20.0,-10.0,0.4468664850136239,0.5531335149863761,732,BTC
1,-10.0,0.0,0.4836601307189542,0.5163398692810457,916,BTC
1,0.0,10.0,0.5238938053097345,0.4761061946902655,1128,BTC
1,10.0,20.0,0.566225165562914,0.433774834437086,753,BTC
1,20.0,30.0,0.5646481178396072,0.4353518821603928,609,BTC
1,30.0,40.0,0.5761904761904761,0.4238095238095238,418,BTC
1,40.0,50.0,0.6276276276276276,0.3723723723723724,331,BTC
1,50.0,60.0,0.6282527881040892,0.3717472118959107,267,BTC
1,60.0,70.0,0.6335078534031413,0.3664921465968587,189,BTC
1,70.0,80.0,0.6319444444444444,0.3680555555555556,142,BTC
1,80.0,90.0,0.7090909090909091,0.2909090909090909,108,BTC
1,90.0,100.0,0.7368421052631579,0.2631578947368421,74,BTC
1,100.0,110.0,0.5535714285714286,0.4464285714285714,54,BTC
1,110.0,120.0,0.74,0.26,48,BTC
1,120.0,130.0,0.6585365853658537,0.3414634146341463,39,BTC
1,130.0,140.0,0.6428571428571429,0.3571428571428571,26,BTC
1,140.0,150.0,0.7272727272727273,0.2727272727272727,31,BTC
1,160.0,170.0,0.5,0.5,22,BTC
2,-210.0,-200.0,0.3043478260869565,0.6956521739130435,21,BTC
2,-190.0,-180.0,0.3157894736842105,0.6842105263157895,36,BTC
2,-180.0,-170.0,0.1627906976744186,0.8372093023255813,41,BTC
2,-170.0,-160.0,0.1739130434782608,0.8260869565217391,44,BTC
2,-160.0,-150.0,0.3220338983050847,0.6779661016949152,57,BTC
2,-150.0,-140.0,0.2413793103448276,0.7586206896551724,56,BTC
2,-140.0,-130.0,0.3333333333333333,0.6666666666666667,67,BTC
2,-130.0,-120.0,0.2328767123287671,0.7671232876712328,71,BTC
2,-120.0,-110.0,0.3186813186813186,0.6813186813186813,89,BTC
2,-110.0,-100.0,0.3658536585365853,0.6341463414634146,121,BTC
2,-100.0,-90.0,0.2416666666666666,0.7583333333333333,118,BTC
2,-90.0,-80.0,0.2558139534883721,0.7441860465116279,170,BTC
2,-80.0,-70.0,0.2953367875647668,0.7046632124352332,191,BTC
2,-70.0,-60.0,0.375494071146245,0.6245059288537549,251,BTC
2,-60.0,-50.0,0.3108108108108108,0.6891891891891893,294,BTC
2,-50.0,-40.0,0.3895184135977337,0.6104815864022664,351,BTC
2,-40.0,-30.0,0.3498759305210918,0.6501240694789081,401,BTC
2,-30.0,-20.0,0.4061930783242258,0.5938069216757742,547,BTC
2,-20.0,-10.0,0.4592198581560284,0.5407801418439716,562,BTC
2,-10.0,0.0,0.468944099378882,0.531055900621118,642,BTC
2,0.0,10.0,0.5135467980295567,0.4864532019704433,810,BTC
2,10.0,20.0,0.5872193436960277,0.4127806563039723,577,BTC
2,20.0,30.0,0.5956340956340956,0.4043659043659043,479,BTC
2,30.0,40.0,0.6091127098321344,0.3908872901678656,415,BTC
2,40.0,50.0,0.664819944598338,0.3351800554016619,359,BTC
2,50.0,60.0,0.6550522648083623,0.3449477351916377,285,BTC
2,60.0,70.0,0.6756756756756757,0.3243243243243243,257,BTC
2,70.0,80.0,0.6666666666666666,0.3333333333333333,199,BTC
2,80.0,90.0,0.713375796178344,0.286624203821656,155,BTC
2,90.0,100.0,0.6583333333333333,0.3416666666666667,118,BTC
2,100.0,110.0,0.7619047619047619,0.2380952380952381,103,BTC
2,110.0,120.0,0.6808510638297872,0.3191489361702128,92,BTC
2,120.0,130.0,0.6753246753246754,0.3246753246753245,75,BTC
2,130.0,140.0,0.8032786885245902,0.1967213114754098,59,BTC
2,140.0,150.0,0.6666666666666666,0.3333333333333333,40,BTC
2,150.0,160.0,0.6888888888888889,0.3111111111111111,43,BTC
2,160.0,170.0,0.7222222222222222,0.2777777777777778,34,BTC
2,170.0,180.0,0.7837837837837838,0.2162162162162162,35,BTC
2,180.0,190.0,0.84375,0.15625,30,BTC
2,190.0,200.0,0.7142857142857143,0.2857142857142857,26,BTC
2,200.0,210.0,0.6923076923076923,0.3076923076923077,24,BTC
3,-260.0,-250.0,0.1923076923076923,0.8076923076923077,24,BTC
3,-230.0,-220.0,0.1935483870967742,0.8064516129032258,29,BTC
3,-220.0,-210.0,0.1923076923076923,0.8076923076923077,24,BTC
3,-210.0,-200.0,0.2758620689655172,0.7241379310344828,27,BTC
3,-200.0,-190.0,0.2790697674418604,0.7209302325581395,41,BTC
3,-190.0,-180.0,0.2,0.8,33,BTC
3,-180.0,-170.0,0.2244897959183673,0.7755102040816326,47,BTC
3,-170.0,-160.0,0.1785714285714285,0.8214285714285714,54,BTC
3,-160.0,-150.0,0.2,0.8,53,BTC
3,-150.0,-140.0,0.2535211267605634,0.7464788732394366,69,BTC
3,-140.0,-130.0,0.2558139534883721,0.7441860465116279,84,BTC
3,-130.0,-120.0,0.3033707865168539,0.696629213483146,87,BTC
3,-120.0,-110.0,0.2429906542056074,0.7570093457943925,105,BTC
3,-110.0,-100.0,0.2276422764227642,0.7723577235772358,121,BTC
3,-100.0,-90.0,0.2758620689655172,0.7241379310344828,143,BTC
3,-90.0,-80.0,0.2413793103448276,0.7586206896551724,201,BTC
3,-80.0,-70.0,0.2760416666666667,0.7239583333333333,190,BTC
3,-70.0,-60.0,0.2966101694915254,0.7033898305084746,234,BTC
3,-60.0,-50.0,0.2733118971061093,0.7266881028938907,309,BTC
3,-50.0,-40.0,0.3539823008849557,0.6460176991150443,337,BTC
3,-40.0,-30.0,0.4055415617128463,0.5944584382871536,395,BTC
3,-30.0,-20.0,0.392156862745098,0.607843137254902,457,BTC
3,-20.0,-10.0,0.4214015151515151,0.5785984848484849,526,BTC
3,-10.0,0.0,0.468978102189781,0.531021897810219,546,BTC
3,0.0,10.0,0.5258899676375405,0.4741100323624595,616,BTC
3,10.0,20.0,0.5771484375,0.4228515625,510,BTC
3,20.0,30.0,0.5925110132158591,0.4074889867841409,452,BTC
3,30.0,40.0,0.6401985111662531,0.3598014888337468,401,BTC
3,40.0,50.0,0.6597014925373135,0.3402985074626865,333,BTC
3,50.0,60.0,0.6932515337423313,0.3067484662576687,324,BTC
3,60.0,70.0,0.7198443579766537,0.2801556420233463,255,BTC
3,70.0,80.0,0.729064039408867,0.270935960591133,201,BTC
3,80.0,90.0,0.7621951219512195,0.2378048780487804,162,BTC
3,90.0,100.0,0.706766917293233,0.2932330827067669,131,BTC
3,100.0,110.0,0.7364341085271318,0.2635658914728682,127,BTC
3,110.0,120.0,0.7619047619047619,0.2380952380952381,103,BTC
3,120.0,130.0,0.7959183673469388,0.2040816326530612,96,BTC
3,130.0,140.0,0.7333333333333333,0.2666666666666667,88,BTC
3,140.0,150.0,0.7931034482758621,0.2068965517241379,56,BTC
3,150.0,160.0,0.7454545454545455,0.2545454545454545,53,BTC
3,160.0,170.0,0.7317073170731707,0.2682926829268293,39,BTC
3,170.0,180.0,0.8536585365853658,0.1463414634146341,39,BTC
3,180.0,190.0,0.7777777777777778,0.2222222222222222,43,BTC
3,190.0,200.0,0.6944444444444444,0.3055555555555556,34,BTC
3,210.0,220.0,0.8108108108108109,0.1891891891891891,35,BTC
3,230.0,240.0,0.8181818181818182,0.1818181818181817,20,BTC
3,240.0,250.0,0.7916666666666666,0.2083333333333333,22,BTC
4,-280.0,-270.0,0.1470588235294117,0.8529411764705882,32,BTC
4,-250.0,-240.0,0.2083333333333333,0.7916666666666666,22,BTC
4,-240.0,-230.0,0.28,0.72,23,BTC
4,-230.0,-220.0,0.1282051282051282,0.8717948717948718,37,BTC
4,-220.0,-210.0,0.1379310344827586,0.8620689655172413,27,BTC
4,-210.0,-200.0,0.1739130434782608,0.8260869565217391,44,BTC
4,-200.0,-190.0,0.1627906976744186,0.8372093023255813,41,BTC
4,-190.0,-180.0,0.2448979591836734,0.7551020408163265,47,BTC
4,-180.0,-170.0,0.2777777777777778,0.7222222222222222,52,BTC
4,-170.0,-160.0,0.173076923076923,0.8269230769230769,50,BTC
4,-160.0,-150.0,0.2564102564102564,0.7435897435897436,76,BTC
4,-150.0,-140.0,0.2063492063492063,0.7936507936507937,61,BTC
4,-140.0,-130.0,0.1739130434782608,0.8260869565217391,90,BTC
4,-130.0,-120.0,0.2601626016260162,0.7398373983739838,121,BTC
4,-120.0,-110.0,0.2573529411764705,0.7426470588235294,134,BTC
4,-110.0,-100.0,0.1958041958041958,0.8041958041958042,141,BTC
4,-100.0,-90.0,0.2658959537572254,0.7341040462427746,171,BTC
4,-90.0,-80.0,0.2717948717948718,0.7282051282051283,193,BTC
4,-80.0,-70.0,0.2618025751072961,0.7381974248927039,231,BTC
4,-70.0,-60.0,0.2457627118644068,0.7542372881355932,234,BTC
4,-60.0,-50.0,0.272108843537415,0.727891156462585,292,BTC
4,-50.0,-40.0,0.34375,0.65625,286,BTC
4,-40.0,-30.0,0.3861111111111111,0.6138888888888889,358,BTC
4,-30.0,-20.0,0.3853904282115869,0.614609571788413,395,BTC
4,-20.0,-10.0,0.4512987012987013,0.5487012987012987,460,BTC
4,-10.0,0.0,0.4613861386138614,0.5386138613861386,503,BTC
4,0.0,10.0,0.5263671875,0.4736328125,510,BTC
4,10.0,20.0,0.5556745182012848,0.4443254817987152,465,BTC
4,20.0,30.0,0.6071428571428571,0.3928571428571429,404,BTC
4,30.0,40.0,0.6551724137931034,0.3448275862068966,375,BTC
4,40.0,50.0,0.6732394366197183,0.3267605633802817,353,BTC
4,50.0,60.0,0.7432950191570882,0.2567049808429118,259,BTC
4,60.0,70.0,0.6982758620689655,0.3017241379310345,230,BTC
4,70.0,80.0,0.7447698744769874,0.2552301255230126,237,BTC
4,80.0,90.0,0.7530120481927711,0.2469879518072288,164,BTC
4,90.0,100.0,0.7159763313609467,0.2840236686390532,167,BTC
4,100.0,110.0,0.7279411764705882,0.2720588235294118,134,BTC
4,110.0,120.0,0.8135593220338984,0.1864406779661016,116,BTC
4,120.0,130.0,0.7685185185185185,0.2314814814814815,106,BTC
4,130.0,140.0,0.7901234567901234,0.2098765432098766,79,BTC
4,140.0,150.0,0.8148148148148148,0.1851851851851852,79,BTC
4,150.0,160.0,0.8,0.1999999999999999,53,BTC
4,160.0,170.0,0.8032786885245902,0.1967213114754098,59,BTC
4,170.0,180.0,0.85,0.15,58,BTC
4,180.0,190.0,0.8863636363636364,0.1136363636363636,42,BTC
4,190.0,200.0,0.8367346938775511,0.1632653061224489,47,BTC
4,200.0,210.0,0.8035714285714286,0.1964285714285714,54,BTC
4,210.0,220.0,0.8529411764705882,0.1470588235294118,32,BTC
4,220.0,230.0,0.7307692307692307,0.2692307692307693,24,BTC
4,250.0,260.0,0.6956521739130435,0.3043478260869565,21,BTC
5,-300.0,-290.0,0.1363636363636363,0.8636363636363636,20,BTC
5,-280.0,-270.0,0.1388888888888889,0.8611111111111112,34,BTC
5,-270.0,-260.0,0.125,0.875,22,BTC
5,-250.0,-240.0,0.2,0.8,23,BTC
5,-240.0,-230.0,0.0857142857142857,0.9142857142857144,33,BTC
5,-230.0,-220.0,0.1176470588235294,0.8823529411764706,32,BTC
5,-220.0,-210.0,0.1714285714285714,0.8285714285714285,33,BTC
5,-210.0,-200.0,0.1739130434782608,0.8260869565217391,44,BTC
5,-200.0,-190.0,0.074074074074074,0.925925925925926,52,BTC
5,-190.0,-180.0,0.173076923076923,0.8269230769230769,50,BTC
5,-180.0,-170.0,0.2413793103448276,0.7586206896551724,56,BTC
5,-170.0,-160.0,0.1904761904761904,0.8095238095238095,61,BTC
5,-160.0,-150.0,0.2083333333333333,0.7916666666666666,94,BTC
5,-150.0,-140.0,0.2183908045977011,0.7816091954022988,85,BTC
5,-140.0,-130.0,0.1397849462365591,0.8602150537634409,91,BTC
5,-130.0,-120.0,0.2347826086956521,0.7652173913043478,113,BTC
5,-120.0,-110.0,0.2436974789915966,0.7563025210084033,117,BTC
5,-110.0,-100.0,0.2391304347826087,0.7608695652173914,182,BTC
5,-100.0,-90.0,0.2263157894736842,0.7736842105263158,188,BTC
5,-90.0,-80.0,0.2896174863387978,0.7103825136612022,181,BTC
5,-80.0,-70.0,0.3055555555555556,0.6944444444444444,214,BTC
5,-70.0,-60.0,0.285140562248996,0.714859437751004,247,BTC
5,-60.0,-50.0,0.2788844621513944,0.7211155378486056,249,BTC
5,-50.0,-40.0,0.3518518518518518,0.6481481481481481,295,BTC
5,-40.0,-30.0,0.3667621776504298,0.6332378223495703,347,BTC
5,-30.0,-20.0,0.3433583959899749,0.6566416040100251,397,BTC
5,-20.0,-10.0,0.4377880184331797,0.5622119815668203,432,BTC
5,-10.0,0.0,0.4547413793103448,0.5452586206896552,462,BTC
5,0.0,10.0,0.5236486486486487,0.4763513513513513,442,BTC
5,10.0,20.0,0.5930787589498807,0.4069212410501193,417,BTC
5,20.0,30.0,0.603448275862069,0.396551724137931,375,BTC
5,30.0,40.0,0.6434540389972145,0.3565459610027854,357,BTC
5,40.0,50.0,0.7326732673267327,0.2673267326732673,301,BTC
5,50.0,60.0,0.7153284671532847,0.2846715328467153,272,BTC
5,60.0,70.0,0.7436974789915967,0.2563025210084033,236,BTC
5,70.0,80.0,0.7009345794392523,0.2990654205607477,212,BTC
5,80.0,90.0,0.6939890710382514,0.3060109289617486,181,BTC
5,90.0,100.0,0.7452229299363057,0.2547770700636943,155,BTC
5,100.0,110.0,0.7342657342657343,0.2657342657342657,141,BTC
5,110.0,120.0,0.8062015503875969,0.1937984496124031,127,BTC
5,120.0,130.0,0.8198198198198198,0.1801801801801802,109,BTC
5,130.0,140.0,0.7920792079207921,0.2079207920792078,99,BTC
5,140.0,150.0,0.7625,0.2375,78,BTC
5,150.0,160.0,0.83,0.17,98,BTC
5,160.0,170.0,0.7837837837837838,0.2162162162162162,72,BTC
5,170.0,180.0,0.8,0.1999999999999999,63,BTC
5,180.0,190.0,0.8604651162790697,0.1395348837209302,41,BTC
5,190.0,200.0,0.8958333333333334,0.1041666666666666,46,BTC
5,200.0,210.0,0.7073170731707317,0.2926829268292683,39,BTC
5,210.0,220.0,0.8181818181818182,0.1818181818181817,42,BTC
5,220.0,230.0,0.8666666666666667,0.1333333333333333,28,BTC
5,230.0,240.0,0.8787878787878788,0.1212121212121212,31,BTC
5,240.0,250.0,0.9375,0.0625,30,BTC
5,250.0,260.0,0.84,0.16,23,BTC
5,260.0,270.0,0.92,0.0799999999999999,23,BTC
5,270.0,280.0,0.9545454545454546,0.0454545454545454,20,BTC
6,-320.0,-310.0,0.1818181818181818,0.8181818181818181,20,BTC
6,-280.0,-270.0,0.1428571428571428,0.8571428571428572,26,BTC
6,-270.0,-260.0,0.1481481481481481,0.8518518518518519,25,BTC
6,-260.0,-250.0,0.0666666666666666,0.9333333333333332,28,BTC
6,-250.0,-240.0,0.1515151515151515,0.8484848484848485,31,BTC
6,-240.0,-230.0,0.048780487804878,0.951219512195122,39,BTC
6,-230.0,-220.0,0.1612903225806451,0.8387096774193549,29,BTC
6,-220.0,-210.0,0.1136363636363636,0.8863636363636364,42,BTC
6,-210.0,-200.0,0.1428571428571428,0.8571428571428572,47,BTC
6,-200.0,-190.0,0.1176470588235294,0.8823529411764706,66,BTC
6,-190.0,-180.0,0.1666666666666666,0.8333333333333334,52,BTC
6,-180.0,-170.0,0.2352941176470588,0.7647058823529411,66,BTC
6,-170.0,-160.0,0.1666666666666666,0.8333333333333334,76,BTC
6,-160.0,-150.0,0.15,0.85,98,BTC
6,-150.0,-140.0,0.1442307692307692,0.8557692307692307,102,BTC
6,-140.0,-130.0,0.2254901960784313,0.7745098039215687,100,BTC
6,-130.0,-120.0,0.2,0.8,113,BTC
6,-120.0,-110.0,0.2158273381294964,0.7841726618705036,137,BTC
6,-110.0,-100.0,0.2230215827338129,0.7769784172661871,137,BTC
6,-100.0,-90.0,0.1927710843373494,0.8072289156626506,164,BTC
6,-90.0,-80.0,0.2741116751269035,0.7258883248730965,195,BTC
6,-80.0,-70.0,0.2466960352422907,0.7533039647577092,225,BTC
6,-70.0,-60.0,0.2746113989637305,0.7253886010362695,191,BTC
6,-60.0,-50.0,0.2607142857142857,0.7392857142857143,278,BTC
6,-50.0,-40.0,0.2777777777777778,0.7222222222222222,268,BTC
6,-40.0,-30.0,0.3452380952380952,0.6547619047619048,334,BTC
6,-30.0,-20.0,0.3424479166666667,0.6575520833333333,382,BTC
6,-20.0,-10.0,0.3677248677248677,0.6322751322751323,376,BTC
6,-10.0,0.0,0.4568965517241379,0.5431034482758621,404,BTC
6,0.0,10.0,0.5365566037735849,0.463443396226415,422,BTC
6,10.0,20.0,0.5857519788918205,0.4142480211081795,377,BTC
6,20.0,30.0,0.6451187335092349,0.3548812664907651,377,BTC
6,30.0,40.0,0.6900584795321637,0.3099415204678363,340,BTC
6,40.0,50.0,0.7006802721088435,0.2993197278911564,292,BTC
6,50.0,60.0,0.7188612099644128,0.2811387900355871,279,BTC
6,60.0,70.0,0.7407407407407407,0.2592592592592593,241,BTC
6,70.0,80.0,0.7142857142857143,0.2857142857142857,201,BTC
6,80.0,90.0,0.7055555555555555,0.2944444444444445,178,BTC
6,90.0,100.0,0.8506493506493507,0.1493506493506493,152,BTC
6,100.0,110.0,0.8068965517241379,0.1931034482758621,143,BTC
6,110.0,120.0,0.7686567164179104,0.2313432835820895,132,BTC
6,120.0,130.0,0.7835820895522388,0.2164179104477611,132,BTC
6,130.0,140.0,0.8932038834951457,0.1067961165048543,101,BTC
6,140.0,150.0,0.8191489361702128,0.1808510638297872,92,BTC
6,150.0,160.0,0.8055555555555556,0.1944444444444444,70,BTC
6,160.0,170.0,0.8735632183908046,0.1264367816091953,85,BTC
6,170.0,180.0,0.8783783783783784,0.1216216216216216,72,BTC
6,180.0,190.0,0.7777777777777778,0.2222222222222222,61,BTC
6,190.0,200.0,0.8444444444444444,0.1555555555555555,43,BTC
6,200.0,210.0,0.8709677419354839,0.1290322580645161,60,BTC
6,210.0,220.0,0.8260869565217391,0.1739130434782608,44,BTC
6,220.0,230.0,0.925,0.0749999999999999,38,BTC
6,230.0,240.0,0.8974358974358975,0.1025641025641025,37,BTC
6,240.0,250.0,0.72,0.28,23,BTC
6,250.0,260.0,0.875,0.125,30,BTC
6,260.0,270.0,0.8846153846153846,0.1153846153846154,24,BTC
6,270.0,280.0,0.8888888888888888,0.1111111111111111,25,BTC
6,310.0,320.0,0.8636363636363636,0.1363636363636363,20,BTC
6,330.0,340.0,0.9090909090909092,0.0909090909090909,20,BTC
7,-320.0,-310.0,0.1153846153846153,0.8846153846153846,24,BTC
7,-310.0,-300.0,0.12,0.88,23,BTC
7,-300.0,-290.0,0.1363636363636363,0.8636363636363636,20,BTC
7,-290.0,-280.0,0.0769230769230769,0.9230769230769232,24,BTC
7,-280.0,-270.0,0.2272727272727272,0.7727272727272727,20,BTC
7,-270.0,-260.0,0.0571428571428571,0.9428571428571428,33,BTC
7,-260.0,-250.0,0.0689655172413793,0.9310344827586208,27,BTC
7,-250.0,-240.0,0.0588235294117647,0.9411764705882352,32,BTC
7,-240.0,-230.0,0.0930232558139534,0.9069767441860466,41,BTC
7,-230.0,-220.0,0.0869565217391304,0.9130434782608696,44,BTC
7,-220.0,-210.0,0.1538461538461538,0.8461538461538461,50,BTC
7,-210.0,-200.0,0.12,0.88,48,BTC
7,-200.0,-190.0,0.1,0.9,58,BTC
7,-190.0,-180.0,0.1126760563380281,0.8873239436619719,69,BTC
7,-180.0,-170.0,0.1184210526315789,0.881578947368421,74,BTC
7,-170.0,-160.0,0.1818181818181818,0.8181818181818181,75,BTC
7,-160.0,-150.0,0.1226415094339622,0.8773584905660378,104,BTC
7,-150.0,-140.0,0.1372549019607843,0.8627450980392157,100,BTC
7,-140.0,-130.0,0.1359223300970873,0.8640776699029127,101,BTC
7,-130.0,-120.0,0.1192660550458715,0.8807339449541285,107,BTC
7,-120.0,-110.0,0.2719298245614035,0.7280701754385965,112,BTC
7,-110.0,-100.0,0.2650602409638554,0.7349397590361446,164,BTC
7,-100.0,-90.0,0.1454545454545454,0.8545454545454545,163,BTC
7,-90.0,-80.0,0.2358490566037736,0.7641509433962264,210,BTC
7,-80.0,-70.0,0.205020920502092,0.7949790794979079,237,BTC
7,-70.0,-60.0,0.2321428571428571,0.7678571428571428,222,BTC
7,-60.0,-50.0,0.2345132743362832,0.7654867256637168,224,BTC
7,-50.0,-40.0,0.282312925170068,0.717687074829932,292,BTC
7,-40.0,-30.0,0.3090062111801242,0.6909937888198758,320,BTC
7,-30.0,-20.0,0.3312883435582822,0.6687116564417177,324,BTC
7,-20.0,-10.0,0.3948863636363636,0.6051136363636364,350,BTC
7,-10.0,0.0,0.4621409921671018,0.5378590078328982,381,BTC
7,0.0,10.0,0.5566037735849056,0.4433962264150943,369,BTC
7,10.0,20.0,0.6039473684210527,0.3960526315789473,378,BTC
7,20.0,30.0,0.6764705882352942,0.3235294117647058,355,BTC
7,30.0,40.0,0.6807017543859649,0.3192982456140351,283,BTC
7,40.0,50.0,0.7030716723549489,0.296928327645051,291,BTC
7,50.0,60.0,0.7261904761904762,0.2738095238095238,250,BTC
7,60.0,70.0,0.7291666666666666,0.2708333333333333,238,BTC
7,70.0,80.0,0.7602040816326531,0.2397959183673469,194,BTC
7,80.0,90.0,0.7884615384615384,0.2115384615384615,206,BTC
7,90.0,100.0,0.823170731707317,0.1768292682926829,162,BTC
7,100.0,110.0,0.8133333333333334,0.1866666666666666,148,BTC
7,110.0,120.0,0.8409090909090909,0.159090909090909,130,BTC
7,120.0,130.0,0.8478260869565217,0.1521739130434782,136,BTC
7,130.0,140.0,0.797979797979798,0.202020202020202,97,BTC
7,140.0,150.0,0.8636363636363636,0.1363636363636363,86,BTC
7,150.0,160.0,0.8676470588235294,0.1323529411764705,66,BTC
7,160.0,170.0,0.7938144329896907,0.2061855670103093,95,BTC
7,170.0,180.0,0.8571428571428571,0.1428571428571429,75,BTC
7,180.0,190.0,0.9367088607594936,0.0632911392405063,77,BTC
7,190.0,200.0,0.8813559322033898,0.1186440677966101,57,BTC
7,200.0,210.0,0.8412698412698413,0.1587301587301587,61,BTC
7,210.0,220.0,0.94,0.06,48,BTC
7,220.0,230.0,0.8611111111111112,0.1388888888888888,34,BTC
7,230.0,240.0,0.9375,0.0625,46,BTC
7,240.0,250.0,0.90625,0.09375,30,BTC
7,250.0,260.0,0.9142857142857144,0.0857142857142857,33,BTC
7,260.0,270.0,0.9428571428571428,0.0571428571428571,33,BTC
7,270.0,280.0,0.8260869565217391,0.1739130434782608,21,BTC
7,280.0,290.0,0.8695652173913043,0.1304347826086956,21,BTC
7,290.0,300.0,0.9,0.0999999999999999,28,BTC
8,-350.0,-340.0,0.0869565217391304,0.9130434782608696,21,BTC
8,-320.0,-310.0,0.0454545454545454,0.9545454545454546,20,BTC
8,-300.0,-290.0,0.074074074074074,0.925925925925926,25,BTC
8,-290.0,-280.0,0.0512820512820512,0.9487179487179488,37,BTC
8,-280.0,-270.0,0.0714285714285714,0.9285714285714286,26,BTC
8,-270.0,-260.0,0.1764705882352941,0.8235294117647058,32,BTC
8,-260.0,-250.0,0.0384615384615384,0.9615384615384616,24,BTC
8,-250.0,-240.0,0.1111111111111111,0.8888888888888888,34,BTC
8,-240.0,-230.0,0.0784313725490196,0.9215686274509804,49,BTC
8,-230.0,-220.0,0.0980392156862745,0.9019607843137256,49,BTC
8,-220.0,-210.0,0.0363636363636363,0.9636363636363636,53,BTC
8,-210.0,-200.0,0.081967213114754,0.918032786885246,59,BTC
8,-200.0,-190.0,0.1,0.9,48,BTC
8,-190.0,-180.0,0.0649350649350649,0.935064935064935,75,BTC
8,-180.0,-170.0,0.1866666666666666,0.8133333333333334,73,BTC
8,-170.0,-160.0,0.1157894736842105,0.8842105263157894,93,BTC
8,-160.0,-150.0,0.11,0.89,98,BTC
8,-150.0,-140.0,0.1237113402061855,0.8762886597938144,95,BTC
8,-140.0,-130.0,0.0943396226415094,0.9056603773584906,104,BTC
8,-130.0,-120.0,0.1553398058252427,0.8446601941747574,101,BTC
8,-120.0,-110.0,0.1716417910447761,0.8283582089552239,132,BTC
8,-110.0,-100.0,0.1490683229813664,0.8509316770186335,159,BTC
8,-100.0,-90.0,0.1851851851851851,0.8148148148148149,160,BTC
8,-90.0,-80.0,0.1830985915492957,0.8169014084507042,211,BTC
8,-80.0,-70.0,0.2047619047619047,0.7952380952380953,208,BTC
8,-70.0,-60.0,0.22568093385214,0.77431906614786,255,BTC
8,-60.0,-50.0,0.22007722007722,0.7799227799227799,257,BTC
8,-50.0,-40.0,0.2745098039215686,0.7254901960784313,253,BTC
8,-40.0,-30.0,0.3553054662379421,0.6446945337620579,309,BTC
8,-30.0,-20.0,0.3148148148148148,0.6851851851851851,322,BTC
8,-20.0,-10.0,0.382716049382716,0.617283950617284,322,BTC
8,-10.0,0.0,0.4554896142433234,0.5445103857566765,335,BTC
8,0.0,10.0,0.584931506849315,0.4150684931506849,363,BTC
8,10.0,20.0,0.5855072463768116,0.4144927536231884,343,BTC
8,20.0,30.0,0.682108626198083,0.317891373801917,311,BTC
8,30.0,40.0,0.6829268292682927,0.3170731707317072,326,BTC
8,40.0,50.0,0.7237354085603113,0.2762645914396887,255,BTC
8,50.0,60.0,0.759825327510917,0.2401746724890829,227,BTC
8,60.0,70.0,0.7926829268292683,0.2073170731707316,244,BTC
8,70.0,80.0,0.7286432160804021,0.2713567839195979,197,BTC
8,80.0,90.0,0.7918781725888325,0.2081218274111674,195,BTC
8,90.0,100.0,0.8121827411167513,0.1878172588832487,195,BTC
8,100.0,110.0,0.8289473684210527,0.1710526315789473,150,BTC
8,110.0,120.0,0.8523489932885906,0.1476510067114094,147,BTC
8,120.0,130.0,0.864,0.136,123,BTC
8,130.0,140.0,0.8737864077669902,0.1262135922330097,101,BTC
8,140.0,150.0,0.8809523809523809,0.119047619047619,82,BTC
8,150.0,160.0,0.9111111111111112,0.0888888888888889,88,BTC
8,160.0,170.0,0.8651685393258427,0.1348314606741573,87,BTC
8,170.0,180.0,0.898876404494382,0.101123595505618,87,BTC
8,180.0,190.0,0.9,0.0999999999999999,58,BTC
8,190.0,200.0,0.9027777777777778,0.0972222222222222,70,BTC
8,200.0,210.0,0.9818181818181818,0.0181818181818181,53,BTC
8,210.0,220.0,0.9375,0.0625,46,BTC
8,220.0,230.0,0.9318181818181818,0.0681818181818182,42,BTC
8,230.0,240.0,0.8409090909090909,0.159090909090909,42,BTC
8,240.0,250.0,0.918918918918919,0.081081081081081,35,BTC
8,250.0,260.0,0.8717948717948718,0.1282051282051282,37,BTC
8,260.0,270.0,0.9285714285714286,0.0714285714285714,26,BTC
8,270.0,280.0,0.896551724137931,0.1034482758620689,27,BTC
8,280.0,290.0,0.9310344827586208,0.0689655172413793,27,BTC
8,290.0,300.0,0.9666666666666668,0.0333333333333333,28,BTC
8,300.0,310.0,0.9583333333333334,0.0416666666666666,22,BTC
8,330.0,340.0,0.9166666666666666,0.0833333333333333,22,BTC
9,-360.0,-350.0,0.0416666666666666,0.9583333333333334,22,BTC
9,-330.0,-320.0,0.08,0.92,23,BTC
9,-320.0,-310.0,0.0689655172413793,0.9310344827586208,27,BTC
9,-310.0,-300.0,0.1,0.9,28,BTC
9,-300.0,-290.0,0.0454545454545454,0.9545454545454546,20,BTC
9,-290.0,-280.0,0.1481481481481481,0.8518518518518519,25,BTC
9,-280.0,-270.0,0.0625,0.9375,30,BTC
9,-270.0,-260.0,0.0285714285714285,0.9714285714285714,33,BTC
9,-260.0,-250.0,0.048780487804878,0.951219512195122,39,BTC
9,-250.0,-240.0,0.0571428571428571,0.9428571428571428,33,BTC
9,-240.0,-230.0,0.0465116279069767,0.9534883720930232,41,BTC
9,-230.0,-220.0,0.0465116279069767,0.9534883720930232,41,BTC
9,-220.0,-210.0,0.0566037735849056,0.9433962264150944,51,BTC
9,-210.0,-200.0,0.03125,0.96875,62,BTC
9,-200.0,-190.0,0.0714285714285714,0.9285714285714286,68,BTC
9,-190.0,-180.0,0.1176470588235294,0.8823529411764706,66,BTC
9,-180.0,-170.0,0.0684931506849315,0.9315068493150684,71,BTC
9,-170.0,-160.0,0.1304347826086956,0.8695652173913043,90,BTC
9,-160.0,-150.0,0.0631578947368421,0.936842105263158,93,BTC
9,-150.0,-140.0,0.1181818181818181,0.8818181818181818,108,BTC
9,-140.0,-130.0,0.1129032258064516,0.8870967741935484,122,BTC
9,-130.0,-120.0,0.1166666666666666,0.8833333333333333,118,BTC
9,-120.0,-110.0,0.1307692307692307,0.8692307692307693,128,BTC
9,-110.0,-100.0,0.1288343558282208,0.8711656441717791,161,BTC
9,-100.0,-90.0,0.1834319526627219,0.8165680473372781,167,BTC
9,-90.0,-80.0,0.1839080459770114,0.8160919540229885,172,BTC
9,-80.0,-70.0,0.1674641148325359,0.8325358851674641,207,BTC
9,-70.0,-60.0,0.2401960784313725,0.7598039215686274,202,BTC
9,-60.0,-50.0,0.2084805653710247,0.7915194346289752,281,BTC
9,-50.0,-40.0,0.2568093385214007,0.7431906614785992,255,BTC
9,-40.0,-30.0,0.2849650349650349,0.715034965034965,284,BTC
9,-30.0,-20.0,0.3354037267080745,0.6645962732919255,320,BTC
9,-20.0,-10.0,0.3900928792569659,0.609907120743034,321,BTC
9,-10.0,0.0,0.4210526315789473,0.5789473684210527,302,BTC
9,0.0,10.0,0.5111420612813371,0.4888579387186629,357,BTC
9,10.0,20.0,0.6118210862619808,0.3881789137380191,311,BTC
9,20.0,30.0,0.7341137123745819,0.2658862876254181,297,BTC
9,30.0,40.0,0.7290969899665551,0.2709030100334448,297,BTC
9,40.0,50.0,0.7100371747211895,0.2899628252788104,267,BTC
9,50.0,60.0,0.7782101167315175,0.2217898832684824,255,BTC
9,60.0,70.0,0.7857142857142857,0.2142857142857143,236,BTC
9,70.0,80.0,0.7711442786069652,0.2288557213930347,199,BTC
9,80.0,90.0,0.7821782178217822,0.2178217821782178,200,BTC
9,90.0,100.0,0.8142076502732241,0.1857923497267759,181,BTC
9,100.0,110.0,0.88125,0.11875,158,BTC
9,110.0,120.0,0.8529411764705882,0.1470588235294118,134,BTC
9,120.0,130.0,0.896,0.1039999999999999,123,BTC
9,130.0,140.0,0.8990825688073395,0.1009174311926605,107,BTC
9,140.0,150.0,0.90990990990991,0.09009009009009,109,BTC
9,150.0,160.0,0.923809523809524,0.0761904761904761,103,BTC
9,160.0,170.0,0.9615384615384616,0.0384615384615384,76,BTC
9,170.0,180.0,0.9166666666666666,0.0833333333333333,82,BTC
9,180.0,190.0,0.9508196721311476,0.0491803278688525,59,BTC
9,190.0,200.0,0.9393939393939394,0.0606060606060605,64,BTC
9,200.0,210.0,0.9245283018867924,0.0754716981132075,51,BTC
9,210.0,220.0,0.8269230769230769,0.1730769230769231,50,BTC
9,220.0,230.0,0.9615384615384616,0.0384615384615384,50,BTC
9,230.0,240.0,0.9444444444444444,0.0555555555555555,34,BTC
9,240.0,250.0,0.8484848484848485,0.1515151515151515,31,BTC
9,250.0,260.0,0.9387755102040816,0.0612244897959183,47,BTC
9,260.0,270.0,0.9210526315789472,0.0789473684210526,36,BTC
9,270.0,280.0,0.9743589743589745,0.0256410256410256,37,BTC
9,280.0,290.0,0.92,0.0799999999999999,23,BTC
9,290.0,300.0,0.8461538461538461,0.1538461538461538,24,BTC
9,300.0,310.0,0.9629629629629628,0.037037037037037,25,BTC
9,310.0,320.0,0.92,0.0799999999999999,23,BTC
9,330.0,340.0,0.92,0.0799999999999999,23,BTC
9,350.0,360.0,0.7272727272727273,0.2727272727272727,20,BTC
10,-350.0,-340.0,0.0869565217391304,0.9130434782608696,21,BTC
10,-340.0,-330.0,0.0666666666666666,0.9333333333333332,28,BTC
10,-320.0,-310.0,0.0434782608695652,0.9565217391304348,21,BTC
10,-310.0,-300.0,0.0588235294117647,0.9411764705882352,32,BTC
10,-300.0,-290.0,0.04,0.96,23,BTC
10,-290.0,-280.0,0.1333333333333333,0.8666666666666667,28,BTC
10,-280.0,-270.0,0.024390243902439,0.975609756097561,39,BTC
10,-270.0,-260.0,0.02,0.98,48,BTC
10,-260.0,-250.0,0.0277777777777777,0.9722222222222222,34,BTC
10,-250.0,-240.0,0.0576923076923076,0.9423076923076924,50,BTC
10,-240.0,-230.0,0.0465116279069767,0.9534883720930232,41,BTC
10,-230.0,-220.0,0.048780487804878,0.951219512195122,39,BTC
10,-220.0,-210.0,0.0555555555555555,0.9444444444444444,52,BTC
10,-210.0,-200.0,0.0735294117647058,0.9264705882352942,66,BTC
10,-200.0,-190.0,0.0476190476190476,0.9523809523809524,61,BTC
10,-190.0,-180.0,0.108433734939759,0.891566265060241,81,BTC
10,-180.0,-170.0,0.0857142857142857,0.9142857142857144,68,BTC
10,-170.0,-160.0,0.0641025641025641,0.935897435897436,76,BTC
10,-160.0,-150.0,0.108695652173913,0.8913043478260869,90,BTC
10,-150.0,-140.0,0.0606060606060606,0.9393939393939394,97,BTC
10,-140.0,-130.0,0.1015625,0.8984375,126,BTC
10,-130.0,-120.0,0.0814814814814814,0.9185185185185184,133,BTC
10,-120.0,-110.0,0.1076923076923077,0.8923076923076922,128,BTC
10,-110.0,-100.0,0.1517241379310344,0.8482758620689655,143,BTC
10,-100.0,-90.0,0.1212121212121212,0.8787878787878788,130,BTC
10,-90.0,-80.0,0.1111111111111111,0.8888888888888888,205,BTC
10,-80.0,-70.0,0.1777777777777777,0.8222222222222222,223,BTC
10,-70.0,-60.0,0.2016129032258064,0.7983870967741935,246,BTC
10,-60.0,-50.0,0.2155172413793103,0.7844827586206897,230,BTC
10,-50.0,-40.0,0.2079037800687285,0.7920962199312714,289,BTC
10,-40.0,-30.0,0.2464285714285714,0.7535714285714286,278,BTC
10,-30.0,-20.0,0.3157894736842105,0.6842105263157895,264,BTC
10,-20.0,-10.0,0.3624595469255663,0.6375404530744336,307,BTC
10,-10.0,0.0,0.4387096774193548,0.5612903225806452,308,BTC
10,0.0,10.0,0.5637254901960784,0.4362745098039216,304,BTC
10,10.0,20.0,0.621875,0.378125,318,BTC
10,20.0,30.0,0.7,0.3,298,BTC
10,30.0,40.0,0.7391304347826086,0.2608695652173913,251,BTC
10,40.0,50.0,0.7883211678832117,0.2116788321167882,272,BTC
10,50.0,60.0,0.7905138339920948,0.2094861660079051,251,BTC
10,60.0,70.0,0.7668161434977578,0.2331838565022421,221,BTC
10,70.0,80.0,0.8113207547169812,0.1886792452830188,210,BTC
10,80.0,90.0,0.8492462311557789,0.1507537688442211,197,BTC
10,90.0,100.0,0.8351063829787234,0.1648936170212765,186,BTC
10,100.0,110.0,0.8950617283950617,0.1049382716049383,160,BTC
10,110.0,120.0,0.84,0.16,148,BTC
10,120.0,130.0,0.865546218487395,0.134453781512605,117,BTC
10,130.0,140.0,0.9636363636363636,0.0363636363636363,108,BTC
10,140.0,150.0,0.92,0.0799999999999999,98,BTC
10,150.0,160.0,0.9239130434782608,0.0760869565217391,90,BTC
10,160.0,170.0,0.9010989010989012,0.0989010989010988,89,BTC
10,170.0,180.0,0.9054054054054054,0.0945945945945946,72,BTC
10,180.0,190.0,0.9759036144578314,0.0240963855421686,81,BTC
10,190.0,200.0,0.9411764705882352,0.0588235294117647,49,BTC
10,200.0,210.0,0.9714285714285714,0.0285714285714285,68,BTC
10,210.0,220.0,0.9230769230769232,0.0769230769230768,50,BTC
10,220.0,230.0,0.981132075471698,0.0188679245283018,51,BTC
10,230.0,240.0,0.9444444444444444,0.0555555555555555,52,BTC
10,240.0,250.0,0.98,0.02,48,BTC
10,250.0,260.0,0.9302325581395348,0.0697674418604651,41,BTC
10,260.0,270.0,0.96875,0.03125,30,BTC
10,270.0,280.0,0.9375,0.0625,30,BTC
10,280.0,290.0,0.9696969696969696,0.0303030303030302,31,BTC
10,290.0,300.0,0.9090909090909092,0.0909090909090909,20,BTC
10,300.0,310.0,0.967741935483871,0.032258064516129,29,BTC
10,310.0,320.0,0.9230769230769232,0.0769230769230768,24,BTC
10,330.0,340.0,0.9565217391304348,0.0434782608695651,21,BTC
10,340.0,350.0,0.92,0.0799999999999999,23,BTC
10,350.0,360.0,0.9130434782608696,0.0869565217391304,21,BTC
11,-370.0,-360.0,0.08,0.92,23,BTC
11,-360.0,-350.0,0.0454545454545454,0.9545454545454546,20,BTC
11,-350.0,-340.0,0.037037037037037,0.962962962962963,25,BTC
11,-340.0,-330.0,0.0769230769230769,0.9230769230769232,24,BTC
11,-330.0,-320.0,0.0357142857142857,0.9642857142857144,26,BTC
11,-320.0,-310.0,0.0606060606060606,0.9393939393939394,31,BTC
11,-310.0,-300.0,0.0454545454545454,0.9545454545454546,20,BTC
11,-300.0,-290.0,0.064516129032258,0.935483870967742,29,BTC
11,-290.0,-280.0,0.0571428571428571,0.9428571428571428,33,BTC
11,-280.0,-270.0,0.04,0.96,23,BTC
11,-270.0,-260.0,0.0588235294117647,0.9411764705882352,32,BTC
11,-260.0,-250.0,0.0425531914893617,0.9574468085106383,45,BTC
11,-250.0,-240.0,0.0851063829787234,0.9148936170212766,45,BTC
11,-240.0,-230.0,0.0217391304347826,0.9782608695652174,44,BTC
11,-230.0,-220.0,0.0188679245283018,0.981132075471698,51,BTC
11,-220.0,-210.0,0.0192307692307692,0.9807692307692308,50,BTC
11,-210.0,-200.0,0.0517241379310344,0.9482758620689656,56,BTC
11,-200.0,-190.0,0.0704225352112676,0.9295774647887324,69,BTC
11,-190.0,-180.0,0.0869565217391304,0.9130434782608696,67,BTC
11,-180.0,-170.0,0.0895522388059701,0.9104477611940298,65,BTC
11,-170.0,-160.0,0.0412371134020618,0.9587628865979382,95,BTC
11,-160.0,-150.0,0.0833333333333333,0.9166666666666666,94,BTC
11,-150.0,-140.0,0.058252427184466,0.941747572815534,101,BTC
11,-140.0,-130.0,0.0508474576271186,0.9491525423728814,116,BTC
11,-130.0,-120.0,0.0521739130434782,0.9478260869565216,113,BTC
11,-120.0,-110.0,0.0689655172413793,0.9310344827586208,143,BTC
11,-110.0,-100.0,0.0650887573964497,0.9349112426035504,167,BTC
11,-100.0,-90.0,0.1052631578947368,0.8947368421052632,169,BTC
11,-90.0,-80.0,0.1034482758620689,0.896551724137931,172,BTC
11,-80.0,-70.0,0.15,0.85,218,BTC
11,-70.0,-60.0,0.1635514018691588,0.8364485981308412,212,BTC
11,-60.0,-50.0,0.1825726141078838,0.8174273858921162,239,BTC
11,-50.0,-40.0,0.2106164383561644,0.7893835616438356,290,BTC
11,-40.0,-30.0,0.2388663967611336,0.7611336032388664,245,BTC
11,-30.0,-20.0,0.2872340425531915,0.7127659574468085,280,BTC
11,-20.0,-10.0,0.3356401384083045,0.6643598615916955,287,BTC
11,-10.0,0.0,0.4053156146179402,0.5946843853820598,299,BTC
11,0.0,10.0,0.5641447368421053,0.4358552631578947,302,BTC
11,10.0,20.0,0.6337448559670782,0.3662551440329218,241,BTC
11,20.0,30.0,0.7447447447447447,0.2552552552552553,331,BTC
11,30.0,40.0,0.7931034482758621,0.2068965517241379,288,BTC
11,40.0,50.0,0.7592592592592593,0.2407407407407407,268,BTC
11,50.0,60.0,0.8441558441558441,0.1558441558441559,229,BTC
11,60.0,70.0,0.7941176470588235,0.2058823529411765,202,BTC
11,70.0,80.0,0.8316831683168316,0.1683168316831683,200,BTC
11,80.0,90.0,0.8457142857142858,0.1542857142857142,173,BTC
11,90.0,100.0,0.8900523560209425,0.1099476439790575,189,BTC
11,100.0,110.0,0.8888888888888888,0.1111111111111111,178,BTC
11,110.0,120.0,0.9,0.0999999999999999,148,BTC
11,120.0,130.0,0.9130434782608696,0.0869565217391304,136,BTC
11,130.0,140.0,0.905982905982906,0.094017094017094,115,BTC
11,140.0,150.0,0.9393939393939394,0.0606060606060605,97,BTC
11,150.0,160.0,0.9642857142857144,0.0357142857142857,82,BTC
11,160.0,170.0,0.989247311827957,0.010752688172043,91,BTC
11,170.0,180.0,0.9651162790697676,0.0348837209302325,84,BTC
11,180.0,190.0,0.9583333333333334,0.0416666666666666,70,BTC
11,190.0,200.0,0.95,0.05,78,BTC
11,200.0,210.0,0.9433962264150944,0.0566037735849056,51,BTC
11,210.0,220.0,0.9444444444444444,0.0555555555555555,70,BTC
11,220.0,230.0,0.9705882352941176,0.0294117647058823,66,BTC
11,230.0,240.0,0.975609756097561,0.024390243902439,39,BTC
11,240.0,250.0,0.9272727272727272,0.0727272727272727,53,BTC
11,250.0,260.0,0.9534883720930232,0.0465116279069767,41,BTC
11,260.0,270.0,0.967741935483871,0.032258064516129,29,BTC
11,270.0,280.0,0.967741935483871,0.032258064516129,29,BTC
11,280.0,290.0,0.9655172413793104,0.0344827586206896,27,BTC
11,290.0,300.0,0.935483870967742,0.0645161290322581,29,BTC
11,300.0,310.0,0.967741935483871,0.032258064516129,29,BTC
11,310.0,320.0,0.925925925925926,0.074074074074074,25,BTC
11,320.0,330.0,0.96,0.04,23,BTC
11,330.0,340.0,0.8636363636363636,0.1363636363636363,20,BTC
11,340.0,350.0,0.9545454545454546,0.0454545454545454,20,BTC
12,-370.0,-360.0,0.032258064516129,0.967741935483871,29,BTC
12,-360.0,-350.0,0.0833333333333333,0.9166666666666666,22,BTC
12,-340.0,-330.0,0.0689655172413793,0.9310344827586208,27,BTC
12,-330.0,-320.0,0.0384615384615384,0.9615384615384616,24,BTC
12,-320.0,-310.0,0.0303030303030303,0.9696969696969696,31,BTC
12,-310.0,-300.0,0.0967741935483871,0.9032258064516128,29,BTC
12,-300.0,-290.0,0.0606060606060606,0.9393939393939394,31,BTC
12,-290.0,-280.0,0.0285714285714285,0.9714285714285714,33,BTC
12,-280.0,-270.0,0.0208333333333333,0.9791666666666666,46,BTC
12,-270.0,-260.0,0.0333333333333333,0.9666666666666668,28,BTC
12,-260.0,-250.0,0.05,0.95,38,BTC
12,-250.0,-240.0,0.0192307692307692,0.9807692307692308,50,BTC
12,-240.0,-230.0,0.0483870967741935,0.9516129032258064,60,BTC
12,-230.0,-220.0,0.0169491525423728,0.9830508474576272,57,BTC
12,-220.0,-210.0,0.0166666666666666,0.9833333333333332,58,BTC
12,-210.0,-200.0,0.0196078431372549,0.9803921568627452,49,BTC
12,-200.0,-190.0,0.0166666666666666,0.9833333333333332,58,BTC
12,-190.0,-180.0,0.04,0.96,73,BTC
12,-180.0,-170.0,0.0602409638554216,0.9397590361445785,81,BTC
12,-170.0,-160.0,0.0520833333333333,0.9479166666666666,94,BTC
12,-160.0,-150.0,0.0465116279069767,0.9534883720930232,84,BTC
12,-150.0,-140.0,0.0240963855421686,0.9759036144578314,81,BTC
12,-140.0,-130.0,0.054054054054054,0.945945945945946,109,BTC
12,-130.0,-120.0,0.0629921259842519,0.937007874015748,125,BTC
12,-120.0,-110.0,0.0687022900763358,0.931297709923664,129,BTC
12,-110.0,-100.0,0.0516129032258064,0.9483870967741936,153,BTC
12,-100.0,-90.0,0.0809248554913294,0.9190751445086706,171,BTC
12,-90.0,-80.0,0.0684931506849315,0.9315068493150684,144,BTC
12,-80.0,-70.0,0.1024390243902439,0.8975609756097561,203,BTC
12,-70.0,-60.0,0.1268292682926829,0.8731707317073171,203,BTC
12,-60.0,-50.0,0.1078838174273859,0.892116182572614,239,BTC
12,-50.0,-40.0,0.1684210526315789,0.8315789473684211,283,BTC
12,-40.0,-30.0,0.2232472324723247,0.7767527675276753,269,BTC
12,-30.0,-20.0,0.2393442622950819,0.760655737704918,303,BTC
12,-20.0,-10.0,0.3489208633093525,0.6510791366906474,276,BTC
12,-10.0,0.0,0.3931034482758621,0.6068965517241379,288,BTC
12,0.0,10.0,0.5803571428571429,0.4196428571428571,278,BTC
12,10.0,20.0,0.6117216117216118,0.3882783882783882,271,BTC
12,20.0,30.0,0.735611510791367,0.264388489208633,276,BTC
12,30.0,40.0,0.7759856630824373,0.2240143369175626,277,BTC
12,40.0,50.0,0.8271604938271605,0.1728395061728395,241,BTC
12,50.0,60.0,0.8531746031746031,0.1468253968253968,250,BTC
12,60.0,70.0,0.8541666666666666,0.1458333333333333,238,BTC
12,70.0,80.0,0.8781725888324873,0.1218274111675127,195,BTC
12,80.0,90.0,0.909952606635071,0.0900473933649289,209,BTC
12,90.0,100.0,0.94,0.06,148,BTC
12,100.0,110.0,0.946969696969697,0.0530303030303029,130,BTC
12,110.0,120.0,0.9294871794871796,0.0705128205128204,154,BTC
12,120.0,130.0,0.9655172413793104,0.0344827586206896,114,BTC
12,130.0,140.0,0.9827586206896552,0.0172413793103448,114,BTC
12,140.0,150.0,0.946153846153846,0.0538461538461538,128,BTC
12,150.0,160.0,0.970873786407767,0.0291262135922329,101,BTC
12,160.0,170.0,0.9117647058823528,0.088235294117647,100,BTC
12,170.0,180.0,0.9523809523809524,0.0476190476190476,82,BTC
12,180.0,190.0,0.9565217391304348,0.0434782608695651,67,BTC
12,190.0,200.0,0.9444444444444444,0.0555555555555555,70,BTC
12,200.0,210.0,0.9682539682539684,0.0317460317460317,61,BTC
12,210.0,220.0,0.984375,0.015625,62,BTC
12,220.0,230.0,0.94,0.06,48,BTC
12,230.0,240.0,0.9574468085106383,0.0425531914893616,45,BTC
12,240.0,250.0,0.9772727272727272,0.0227272727272727,42,BTC
12,250.0,260.0,0.9777777777777776,0.0222222222222222,43,BTC
12,260.0,270.0,0.9787234042553192,0.0212765957446808,45,BTC
12,270.0,280.0,0.975,0.025,38,BTC
12,280.0,290.0,0.9444444444444444,0.0555555555555555,34,BTC
12,290.0,300.0,0.9705882352941176,0.0294117647058823,32,BTC
12,300.0,310.0,0.96875,0.03125,30,BTC
12,310.0,320.0,0.9642857142857144,0.0357142857142857,26,BTC
12,330.0,340.0,0.9629629629629628,0.037037037037037,25,BTC
12,340.0,350.0,0.9642857142857144,0.0357142857142857,26,BTC
12,350.0,360.0,0.96,0.04,23,BTC
12,370.0,380.0,0.9545454545454546,0.0454545454545454,20,BTC
12,380.0,390.0,0.92,0.0799999999999999,23,BTC
13,-420.0,-410.0,0.0416666666666666,0.9583333333333334,22,BTC
13,-400.0,-390.0,0.0454545454545454,0.9545454545454546,20,BTC
13,-350.0,-340.0,0.0454545454545454,0.9545454545454546,20,BTC
13,-320.0,-310.0,0.0256410256410256,0.9743589743589745,37,BTC
13,-310.0,-300.0,0.0434782608695652,0.9565217391304348,21,BTC
13,-300.0,-290.0,0.032258064516129,0.967741935483871,29,BTC
13,-290.0,-280.0,0.0277777777777777,0.9722222222222222,34,BTC
13,-280.0,-270.0,0.0277777777777777,0.9722222222222222,34,BTC
13,-270.0,-260.0,0.05,0.95,38,BTC
13,-260.0,-250.0,0.0212765957446808,0.9787234042553192,45,BTC
13,-250.0,-240.0,0.02,0.98,48,BTC
13,-240.0,-230.0,0.0185185185185185,0.9814814814814816,52,BTC
13,-230.0,-220.0,0.0377358490566037,0.9622641509433962,51,BTC
13,-220.0,-210.0,0.015625,0.984375,62,BTC
13,-210.0,-200.0,0.0172413793103448,0.9827586206896552,56,BTC
13,-200.0,-190.0,0.064516129032258,0.935483870967742,60,BTC
13,-190.0,-180.0,0.0277777777777777,0.9722222222222222,70,BTC
13,-180.0,-170.0,0.0337078651685393,0.9662921348314608,87,BTC
13,-170.0,-160.0,0.032258064516129,0.967741935483871,91,BTC
13,-160.0,-150.0,0.0123456790123456,0.9876543209876544,79,BTC
13,-150.0,-140.0,0.0175438596491228,0.9824561403508772,112,BTC
13,-140.0,-130.0,0.0198019801980198,0.9801980198019802,99,BTC
13,-130.0,-120.0,0.0413223140495867,0.9586776859504132,119,BTC
13,-120.0,-110.0,0.0296296296296296,0.9703703703703704,133,BTC
13,-110.0,-100.0,0.0283687943262411,0.9716312056737588,139,BTC
13,-100.0,-90.0,0.0510948905109489,0.948905109489051,135,BTC
13,-90.0,-80.0,0.0668449197860962,0.9331550802139036,185,BTC
13,-80.0,-70.0,0.0676328502415458,0.932367149758454,205,BTC
13,-70.0,-60.0,0.0947867298578199,0.90521327014218,209,BTC
13,-60.0,-50.0,0.1031746031746031,0.8968253968253969,250,BTC
13,-50.0,-40.0,0.1254612546125461,0.8745387453874539,269,BTC
13,-40.0,-30.0,0.2170542635658914,0.7829457364341086,256,BTC
13,-30.0,-20.0,0.2177121771217712,0.7822878228782288,269,BTC
13,-20.0,-10.0,0.241635687732342,0.758364312267658,267,BTC
13,-10.0,0.0,0.3441780821917808,0.6558219178082192,290,BTC
13,0.0,10.0,0.5799319727891157,0.4200680272108843,292,BTC
13,10.0,20.0,0.6948529411764706,0.3051470588235294,270,BTC
13,20.0,30.0,0.7613168724279835,0.2386831275720164,241,BTC
13,30.0,40.0,0.8498168498168498,0.1501831501831502,271,BTC
13,40.0,50.0,0.850597609561753,0.149402390438247,249,BTC
13,50.0,60.0,0.8773234200743495,0.1226765799256505,267,BTC
13,60.0,70.0,0.9136363636363636,0.0863636363636363,218,BTC
13,70.0,80.0,0.9402985074626866,0.0597014925373133,199,BTC
13,80.0,90.0,0.8947368421052632,0.1052631578947368,188,BTC
13,90.0,100.0,0.953020134228188,0.0469798657718121,147,BTC
13,100.0,110.0,0.9681528662420382,0.0318471337579617,155,BTC
13,110.0,120.0,0.9699248120300752,0.0300751879699248,131,BTC
13,120.0,130.0,0.9241379310344828,0.0758620689655172,143,BTC
13,130.0,140.0,0.9545454545454546,0.0454545454545454,130,BTC
13,140.0,150.0,0.9705882352941176,0.0294117647058823,100,BTC
13,150.0,160.0,0.9423076923076924,0.0576923076923077,102,BTC
13,160.0,170.0,0.967032967032967,0.0329670329670329,89,BTC
13,170.0,180.0,0.9879518072289156,0.0120481927710843,81,BTC
13,180.0,190.0,0.9875,0.0124999999999999,78,BTC
13,190.0,200.0,0.9833333333333332,0.0166666666666667,58,BTC
13,200.0,210.0,0.9833333333333332,0.0166666666666667,58,BTC
13,210.0,220.0,0.9701492537313432,0.0298507462686566,65,BTC
13,220.0,230.0,0.9866666666666668,0.0133333333333333,73,BTC
13,230.0,240.0,0.9791666666666666,0.0208333333333333,46,BTC
13,240.0,250.0,0.9555555555555556,0.0444444444444444,43,BTC
13,250.0,260.0,0.9230769230769232,0.0769230769230768,37,BTC
13,260.0,270.0,0.95,0.05,38,BTC
13,270.0,280.0,0.9743589743589745,0.0256410256410256,37,BTC
13,280.0,290.0,0.9714285714285714,0.0285714285714285,33,BTC
13,290.0,300.0,0.9736842105263158,0.0263157894736841,36,BTC
13,300.0,310.0,0.9777777777777776,0.0222222222222222,43,BTC
13,310.0,320.0,0.967741935483871,0.032258064516129,29,BTC
13,330.0,340.0,0.96,0.04,23,BTC
13,370.0,380.0,0.9565217391304348,0.0434782608695651,21,BTC
13,400.0,410.0,0.96,0.04,23,BTC
14,-430.0,-420.0,0.0454545454545454,0.9545454545454546,20,BTC
14,-390.0,-380.0,0.0454545454545454,0.9545454545454546,20,BTC
14,-380.0,-370.0,0.04,0.96,23,BTC
14,-370.0,-360.0,0.04,0.96,23,BTC
14,-360.0,-350.0,0.0357142857142857,0.9642857142857144,26,BTC
14,-350.0,-340.0,0.0384615384615384,0.9615384615384616,24,BTC
14,-340.0,-330.0,0.037037037037037,0.962962962962963,25,BTC
14,-320.0,-310.0,0.0303030303030303,0.9696969696969696,31,BTC
14,-310.0,-300.0,0.0344827586206896,0.9655172413793104,27,BTC
14,-300.0,-290.0,0.037037037037037,0.962962962962963,25,BTC
14,-290.0,-280.0,0.037037037037037,0.962962962962963,25,BTC
14,-280.0,-270.0,0.0238095238095238,0.9761904761904762,40,BTC
14,-270.0,-260.0,0.024390243902439,0.975609756097561,39,BTC
14,-260.0,-250.0,0.0222222222222222,0.9777777777777776,43,BTC
14,-250.0,-240.0,0.0227272727272727,0.9772727272727272,42,BTC
14,-240.0,-230.0,0.0175438596491228,0.9824561403508772,55,BTC
14,-230.0,-220.0,0.0175438596491228,0.9824561403508772,55,BTC
14,-220.0,-210.0,0.0188679245283018,0.981132075471698,51,BTC
14,-210.0,-200.0,0.0144927536231884,0.9855072463768116,67,BTC
14,-200.0,-190.0,0.0121951219512195,0.9878048780487804,80,BTC
14,-190.0,-180.0,0.0151515151515151,0.9848484848484848,64,BTC
14,-180.0,-170.0,0.0344827586206896,0.9655172413793104,85,BTC
14,-170.0,-160.0,0.0108695652173913,0.9891304347826086,90,BTC
14,-160.0,-150.0,0.0392156862745098,0.9607843137254902,100,BTC
14,-150.0,-140.0,0.009009009009009,0.990990990990991,109,BTC
14,-140.0,-130.0,0.0176991150442477,0.9823008849557522,111,BTC
14,-130.0,-120.0,0.0151515151515151,0.9848484848484848,130,BTC
14,-120.0,-110.0,0.0074074074074074,0.9925925925925926,133,BTC
14,-110.0,-100.0,0.0314465408805031,0.9685534591194968,157,BTC
14,-100.0,-90.0,0.05,0.95,158,BTC
14,-90.0,-80.0,0.0333333333333333,0.9666666666666668,178,BTC
14,-80.0,-70.0,0.0331491712707182,0.9668508287292816,179,BTC
14,-70.0,-60.0,0.0774647887323943,0.9225352112676056,211,BTC
14,-60.0,-50.0,0.0588235294117647,0.9411764705882352,236,BTC
14,-50.0,-40.0,0.0975609756097561,0.902439024390244,244,BTC
14,-40.0,-30.0,0.1025641025641025,0.8974358974358975,271,BTC
14,-30.0,-20.0,0.1604938271604938,0.8395061728395061,241,BTC
14,-20.0,-10.0,0.2152777777777778,0.7847222222222222,286,BTC
14,-10.0,0.0,0.3193916349809886,0.6806083650190113,261,BTC
14,0.0,10.0,0.6420664206642066,0.3579335793357934,269,BTC
14,10.0,20.0,0.7658730158730159,0.234126984126984,250,BTC
14,20.0,30.0,0.7944915254237288,0.2055084745762712,234,BTC
14,30.0,40.0,0.8768115942028986,0.1231884057971014,274,BTC
14,40.0,50.0,0.9166666666666666,0.0833333333333333,238,BTC
14,50.0,60.0,0.9451476793248944,0.0548523206751054,235,BTC
14,60.0,70.0,0.9523809523809524,0.0476190476190476,229,BTC
14,70.0,80.0,0.9487179487179488,0.0512820512820513,193,BTC
14,80.0,90.0,0.963157894736842,0.0368421052631579,188,BTC
14,90.0,100.0,0.9797297297297296,0.0202702702702702,146,BTC
14,100.0,110.0,0.9693251533742332,0.0306748466257669,161,BTC
14,110.0,120.0,0.9793103448275862,0.0206896551724138,143,BTC
14,120.0,130.0,0.984126984126984,0.0158730158730159,124,BTC
14,130.0,140.0,0.9765625,0.0234375,126,BTC
14,140.0,150.0,0.991869918699187,0.008130081300813,121,BTC
14,150.0,160.0,0.9739130434782608,0.026086956521739,113,BTC
14,160.0,170.0,0.9903846153846154,0.0096153846153845,102,BTC
14,170.0,180.0,0.9838709677419356,0.0161290322580645,60,BTC
14,180.0,190.0,0.9827586206896552,0.0172413793103448,56,BTC
14,190.0,200.0,0.9846153846153848,0.0153846153846153,63,BTC
14,200.0,210.0,0.9827586206896552,0.0172413793103448,56,BTC
14,210.0,220.0,0.9861111111111112,0.0138888888888888,70,BTC
14,220.0,230.0,0.971830985915493,0.028169014084507,69,BTC
14,230.0,240.0,0.981132075471698,0.0188679245283018,51,BTC
14,240.0,250.0,0.9824561403508772,0.0175438596491228,55,BTC
14,250.0,260.0,0.9791666666666666,0.0208333333333333,46,BTC
14,260.0,270.0,0.972972972972973,0.0270270270270269,35,BTC
14,270.0,280.0,0.9722222222222222,0.0277777777777777,34,BTC
14,280.0,290.0,0.975,0.025,38,BTC
14,290.0,300.0,0.9655172413793104,0.0344827586206896,27,BTC
14,300.0,310.0,0.96875,0.03125,30,BTC
14,310.0,320.0,0.967741935483871,0.032258064516129,29,BTC
14,330.0,340.0,0.9615384615384616,0.0384615384615384,24,BTC
14,340.0,350.0,0.9642857142857144,0.0357142857142857,26,BTC
14,350.0,360.0,0.9615384615384616,0.0384615384615384,24,BTC
14,360.0,370.0,0.9615384615384616,0.0384615384615384,24,BTC
1,-12.0,-10.0,0.2083333333333333,0.7916666666666666,22,ETH
1,-10.0,-8.0,0.2291666666666666,0.7708333333333334,46,ETH
1,-8.0,-6.0,0.3541666666666667,0.6458333333333333,94,ETH
1,-6.0,-4.0,0.3876811594202899,0.6123188405797101,274,ETH
1,-4.0,-2.0,0.3372781065088757,0.6627218934911243,843,ETH
1,-2.0,0.0,0.453480699439129,0.5465193005608711,3029,ETH
1,0.0,2.0,0.5467274503419082,0.4532725496580918,3069,ETH
1,2.0,4.0,0.6730538922155689,0.3269461077844311,833,ETH
1,4.0,6.0,0.6347826086956522,0.3652173913043478,228,ETH
1,6.0,8.0,0.5730337078651685,0.4269662921348315,87,ETH
1,8.0,10.0,0.675,0.3249999999999999,38,ETH
1,10.0,12.0,0.6363636363636364,0.3636363636363636,20,ETH
2,-16.0,-14.0,0.25,0.75,22,ETH
2,-14.0,-12.0,0.282051282051282,0.717948717948718,37,ETH
2,-12.0,-10.0,0.2093023255813953,0.7906976744186046,41,ETH
2,-10.0,-8.0,0.25,0.75,110,ETH
2,-8.0,-6.0,0.2604166666666667,0.7395833333333333,190,ETH
2,-6.0,-4.0,0.3057471264367816,0.6942528735632184,433,ETH
2,-4.0,-2.0,0.3206831119544592,0.6793168880455408,1052,ETH
2,-2.0,0.0,0.4490008326394671,0.5509991673605329,2400,ETH
2,0.0,2.0,0.5589292848581702,0.4410707151418298,2501,ETH
2,2.0,4.0,0.6656948493683188,0.3343051506316812,1027,ETH
2,4.0,6.0,0.6971153846153846,0.3028846153846154,414,ETH
2,6.0,8.0,0.7348066298342542,0.2651933701657458,179,ETH
2,8.0,10.0,0.7375,0.2624999999999999,78,ETH
2,10.0,12.0,0.7719298245614035,0.2280701754385965,55,ETH
2,12.0,14.0,0.7857142857142857,0.2142857142857143,26,ETH
3,-16.0,-14.0,0.1,0.9,38,ETH
3,-14.0,-12.0,0.25,0.75,42,ETH
3,-12.0,-10.0,0.0886075949367088,0.9113924050632912,77,ETH
3,-10.0,-8.0,0.24,0.76,148,ETH
3,-8.0,-6.0,0.2137096774193548,0.7862903225806451,246,ETH
3,-6.0,-4.0,0.249,0.751,498,ETH
3,-4.0,-2.0,0.3047619047619048,0.6952380952380952,1048,ETH
3,-2.0,0.0,0.4155874190564292,0.5844125809435707,2160,ETH
3,0.0,2.0,0.5907008703618873,0.4092991296381126,2181,ETH
3,2.0,4.0,0.6878923766816144,0.3121076233183856,1113,ETH
3,4.0,6.0,0.7366255144032922,0.2633744855967078,484,ETH
3,6.0,8.0,0.7792792792792793,0.2207207207207207,220,ETH
3,8.0,10.0,0.8333333333333334,0.1666666666666666,118,ETH
3,10.0,12.0,0.9054054054054054,0.0945945945945946,72,ETH
3,12.0,14.0,0.7804878048780487,0.2195121951219513,39,ETH
3,14.0,16.0,0.8636363636363636,0.1363636363636363,20,ETH
3,16.0,18.0,0.88,0.12,23,ETH
4,-20.0,-18.0,0.2592592592592592,0.7407407407407407,25,ETH
4,-18.0,-16.0,0.15,0.85,38,ETH
4,-16.0,-14.0,0.06,0.94,48,ETH
4,-14.0,-12.0,0.1728395061728395,0.8271604938271605,79,ETH
4,-12.0,-10.0,0.1553398058252427,0.8446601941747574,101,ETH
4,-10.0,-8.0,0.1962025316455696,0.8037974683544304,156,ETH
4,-8.0,-6.0,0.1555944055944056,0.8444055944055944,284,ETH
4,-6.0,-4.0,0.2082585278276481,0.7917414721723519,555,ETH
4,-4.0,-2.0,0.2882562277580071,0.7117437722419928,1122,ETH
4,-2.0,0.0,0.4141004862236629,0.5858995137763371,1849,ETH
4,0.0,2.0,0.6070336391437309,0.3929663608562691,1960,ETH
4,2.0,4.0,0.6982222222222222,0.3017777777777778,1123,ETH
4,4.0,6.0,0.7504488330341114,0.2495511669658886,555,ETH
4,6.0,8.0,0.8383458646616542,0.1616541353383458,264,ETH
4,8.0,10.0,0.8441558441558441,0.1558441558441559,152,ETH
4,10.0,12.0,0.9186046511627908,0.0813953488372093,84,ETH
4,12.0,14.0,0.8550724637681159,0.1449275362318841,67,ETH
4,14.0,16.0,0.8235294117647058,0.1764705882352941,32,ETH
4,16.0,18.0,0.9130434782608696,0.0869565217391304,21,ETH
5,-22.0,-20.0,0.2,0.8,23,ETH
5,-20.0,-18.0,0.1764705882352941,0.8235294117647058,32,ETH
5,-18.0,-16.0,0.1555555555555555,0.8444444444444444,43,ETH
5,-16.0,-14.0,0.1272727272727272,0.8727272727272728,53,ETH
5,-14.0,-12.0,0.0555555555555555,0.9444444444444444,88,ETH
5,-12.0,-10.0,0.1666666666666666,0.8333333333333334,106,ETH
5,-10.0,-8.0,0.1588785046728972,0.8411214953271028,212,ETH
5,-8.0,-6.0,0.178343949044586,0.821656050955414,312,ETH
5,-6.0,-4.0,0.2,0.8,593,ETH
5,-4.0,-2.0,0.2801484230055658,0.7198515769944341,1076,ETH
5,-2.0,0.0,0.4057591623036649,0.5942408376963351,1717,ETH
5,0.0,2.0,0.604567969179967,0.395432030820033,1815,ETH
5,2.0,4.0,0.7124094202898551,0.2875905797101449,1102,ETH
5,4.0,6.0,0.7777777777777778,0.2222222222222222,610,ETH
5,6.0,8.0,0.8299319727891157,0.1700680272108843,292,ETH
5,8.0,10.0,0.8641304347826086,0.1358695652173913,182,ETH
5,10.0,12.0,0.8990825688073395,0.1009174311926605,107,ETH
5,12.0,14.0,0.9324324324324323,0.0675675675675675,72,ETH
5,14.0,16.0,0.8867924528301887,0.1132075471698113,51,ETH
5,18.0,20.0,0.9583333333333334,0.0416666666666666,22,ETH
6,-22.0,-20.0,0.074074074074074,0.925925925925926,25,ETH
6,-20.0,-18.0,0.1162790697674418,0.8837209302325582,41,ETH
6,-18.0,-16.0,0.073170731707317,0.926829268292683,39,ETH
6,-16.0,-14.0,0.064516129032258,0.935483870967742,60,ETH
6,-14.0,-12.0,0.1071428571428571,0.8928571428571429,82,ETH
6,-12.0,-10.0,0.072463768115942,0.927536231884058,136,ETH
6,-10.0,-8.0,0.118942731277533,0.8810572687224669,225,ETH
6,-8.0,-6.0,0.1460055096418733,0.8539944903581267,361,ETH
6,-6.0,-4.0,0.1894736842105263,0.8105263157894737,568,ETH
6,-4.0,-2.0,0.2608695652173913,0.7391304347826086,1079,ETH
6,-2.0,0.0,0.3999374609130706,0.6000625390869294,1597,ETH
6,0.0,2.0,0.6117182756527019,0.3882817243472981,1645,ETH
6,2.0,4.0,0.7206959706959707,0.2793040293040293,1090,ETH
6,4.0,6.0,0.8020030816640986,0.1979969183359013,647,ETH
6,6.0,8.0,0.83008356545961,0.1699164345403899,357,ETH
6,8.0,10.0,0.9,0.0999999999999999,208,ETH
6,10.0,12.0,0.9402985074626866,0.0597014925373133,132,ETH
6,12.0,14.0,0.902439024390244,0.097560975609756,80,ETH
6,14.0,16.0,0.8666666666666667,0.1333333333333333,58,ETH
6,16.0,18.0,0.9743589743589745,0.0256410256410256,37,ETH
6,18.0,20.0,0.9090909090909092,0.0909090909090909,20,ETH
7,-26.0,-24.0,0.1363636363636363,0.8636363636363636,20,ETH
7,-24.0,-22.0,0.1153846153846153,0.8846153846153846,24,ETH
7,-22.0,-20.0,0.1034482758620689,0.896551724137931,27,ETH
7,-20.0,-18.0,0.0833333333333333,0.9166666666666666,34,ETH
7,-18.0,-16.0,0.0227272727272727,0.9772727272727272,42,ETH
7,-16.0,-14.0,0.05,0.95,58,ETH
7,-14.0,-12.0,0.0666666666666666,0.9333333333333332,103,ETH
7,-12.0,-10.0,0.0625,0.9375,174,ETH
7,-10.0,-8.0,0.0909090909090909,0.9090909090909092,207,ETH
7,-8.0,-6.0,0.1391076115485564,0.8608923884514436,379,ETH
7,-6.0,-4.0,0.1608333333333333,0.8391666666666666,598,ETH
7,-4.0,-2.0,0.2518726591760299,0.74812734082397,1066,ETH
7,-2.0,0.0,0.3797216699801193,0.6202783300198806,1507,ETH
7,0.0,2.0,0.6210149642160052,0.3789850357839948,1535,ETH
7,2.0,4.0,0.754874651810585,0.245125348189415,1075,ETH
7,4.0,6.0,0.8138629283489096,0.1861370716510904,640,ETH
7,6.0,8.0,0.8609625668449198,0.1390374331550802,372,ETH
7,8.0,10.0,0.9004329004329005,0.0995670995670995,229,ETH
7,10.0,12.0,0.933774834437086,0.0662251655629139,149,ETH
7,12.0,14.0,0.9514563106796116,0.0485436893203883,101,ETH
7,14.0,16.0,0.9193548387096774,0.0806451612903226,60,ETH
7,16.0,18.0,0.9285714285714286,0.0714285714285714,40,ETH
7,18.0,20.0,0.925,0.0749999999999999,38,ETH
7,20.0,22.0,0.9166666666666666,0.0833333333333333,22,ETH
7,22.0,24.0,0.9565217391304348,0.0434782608695651,21,ETH
8,-26.0,-24.0,0.0416666666666666,0.9583333333333334,22,ETH
8,-22.0,-20.0,0.0714285714285714,0.9285714285714286,26,ETH
8,-20.0,-18.0,0.0571428571428571,0.9428571428571428,33,ETH
8,-18.0,-16.0,0.0555555555555555,0.9444444444444444,70,ETH
8,-16.0,-14.0,0.0384615384615384,0.9615384615384616,76,ETH
8,-14.0,-12.0,0.0594059405940594,0.9405940594059404,99,ETH
8,-12.0,-10.0,0.0723684210526315,0.9276315789473684,150,ETH
8,-10.0,-8.0,0.0674603174603174,0.9325396825396826,250,ETH
8,-8.0,-6.0,0.1030640668523676,0.8969359331476323,357,ETH
8,-6.0,-4.0,0.1358024691358024,0.8641975308641976,646,ETH
8,-4.0,-2.0,0.2108490566037736,0.7891509433962264,1058,ETH
8,-2.0,0.0,0.3780906593406593,0.6219093406593407,1454,ETH
8,0.0,2.0,0.637650389242746,0.362349610757254,1411,ETH
8,2.0,4.0,0.774102079395085,0.2258979206049149,1056,ETH
8,4.0,6.0,0.8495639534883721,0.1504360465116279,686,ETH
8,6.0,8.0,0.9020100502512562,0.0979899497487437,396,ETH
8,8.0,10.0,0.9345794392523364,0.0654205607476635,212,ETH
8,10.0,12.0,0.9207317073170732,0.0792682926829267,162,ETH
8,12.0,14.0,0.9363636363636364,0.0636363636363636,108,ETH
8,14.0,16.0,0.9661016949152542,0.0338983050847457,57,ETH
8,16.0,18.0,0.9365079365079364,0.0634920634920634,61,ETH
8,18.0,20.0,0.918918918918919,0.081081081081081,35,ETH
8,20.0,22.0,0.9545454545454546,0.0454545454545454,20,ETH
9,-28.0,-26.0,0.0454545454545454,0.9545454545454546,20,ETH
9,-26.0,-24.0,0.0769230769230769,0.9230769230769232,24,ETH
9,-22.0,-20.0,0.0571428571428571,0.9428571428571428,33,ETH
9,-20.0,-18.0,0.0227272727272727,0.9772727272727272,42,ETH
9,-18.0,-16.0,0.0294117647058823,0.9705882352941176,66,ETH
9,-16.0,-14.0,0.0705882352941176,0.9294117647058824,83,ETH
9,-14.0,-12.0,0.045045045045045,0.954954954954955,109,ETH
9,-12.0,-10.0,0.0440251572327044,0.9559748427672956,157,ETH
9,-10.0,-8.0,0.050179211469534,0.949820788530466,277,ETH
9,-8.0,-6.0,0.0788043478260869,0.9211956521739132,366,ETH
9,-6.0,-4.0,0.1310240963855421,0.8689759036144579,662,ETH
9,-4.0,-2.0,0.2039078156312625,0.7960921843687374,996,ETH
9,-2.0,0.0,0.3338119167264896,0.6661880832735103,1391,ETH
9,0.0,2.0,0.6528288023512123,0.3471711976487877,1359,ETH
9,2.0,4.0,0.7983425414364641,0.2016574585635359,1084,ETH
9,4.0,6.0,0.8884730538922155,0.1115269461077844,666,ETH
9,6.0,8.0,0.9226666666666666,0.0773333333333333,373,ETH
9,8.0,10.0,0.9300411522633744,0.0699588477366255,241,ETH
9,10.0,12.0,0.9421965317919077,0.0578034682080924,171,ETH
9,12.0,14.0,0.9316239316239316,0.0683760683760683,115,ETH
9,14.0,16.0,0.963855421686747,0.036144578313253,81,ETH
9,16.0,18.0,0.9666666666666668,0.0333333333333333,58,ETH
9,18.0,20.0,0.9487179487179488,0.0512820512820513,37,ETH
9,20.0,22.0,0.9736842105263158,0.0263157894736841,36,ETH
9,24.0,26.0,0.9615384615384616,0.0384615384615384,24,ETH
10,-28.0,-26.0,0.0416666666666666,0.9583333333333334,22,ETH
10,-24.0,-22.0,0.0434782608695652,0.9565217391304348,21,ETH
10,-22.0,-20.0,0.0256410256410256,0.9743589743589745,37,ETH
10,-20.0,-18.0,0.0555555555555555,0.9444444444444444,52,ETH
10,-18.0,-16.0,0.028169014084507,0.971830985915493,69,ETH
10,-16.0,-14.0,0.0121951219512195,0.9878048780487804,80,ETH
10,-14.0,-12.0,0.0095238095238095,0.9904761904761904,103,ETH
10,-12.0,-10.0,0.0546448087431694,0.9453551912568308,181,ETH
10,-10.0,-8.0,0.0464285714285714,0.9535714285714284,278,ETH
10,-8.0,-6.0,0.0714285714285714,0.9285714285714286,404,ETH
10,-6.0,-4.0,0.090983606557377,0.909016393442623,608,ETH
10,-4.0,-2.0,0.1693069306930693,0.8306930693069307,1008,ETH
10,-2.0,0.0,0.3298192771084337,0.6701807228915663,1326,ETH
10,0.0,2.0,0.6439617083946981,0.3560382916053018,1356,ETH
10,2.0,4.0,0.8417721518987342,0.1582278481012657,1025,ETH
10,4.0,6.0,0.9209302325581395,0.0790697674418604,643,ETH
10,6.0,8.0,0.9228855721393034,0.0771144278606965,400,ETH
10,8.0,10.0,0.9290780141843972,0.0709219858156028,280,ETH
10,10.0,12.0,0.962566844919786,0.0374331550802139,185,ETH
10,12.0,14.0,0.9646017699115044,0.0353982300884956,111,ETH
10,14.0,16.0,0.9878048780487804,0.0121951219512195,80,ETH
10,16.0,18.0,0.9873417721518988,0.0126582278481012,77,ETH
10,18.0,20.0,0.975,0.025,38,ETH
10,20.0,22.0,0.9411764705882352,0.0588235294117647,32,ETH
10,22.0,24.0,0.9696969696969696,0.0303030303030302,31,ETH
11,-28.0,-26.0,0.09375,0.90625,30,ETH
11,-26.0,-24.0,0.08,0.92,23,ETH
11,-24.0,-22.0,0.0625,0.9375,30,ETH
11,-22.0,-20.0,0.054054054054054,0.945945945945946,35,ETH
11,-20.0,-18.0,0.0566037735849056,0.9433962264150944,51,ETH
11,-18.0,-16.0,0.0133333333333333,0.9866666666666668,73,ETH
11,-16.0,-14.0,0.0125,0.9875,78,ETH
11,-14.0,-12.0,0.0145985401459854,0.9854014598540146,135,ETH
11,-12.0,-10.0,0.0357142857142857,0.9642857142857144,166,ETH
11,-10.0,-8.0,0.0469314079422382,0.9530685920577616,275,ETH
11,-8.0,-6.0,0.0291970802919708,0.9708029197080292,409,ETH
11,-6.0,-4.0,0.0907715582450832,0.9092284417549168,659,ETH
11,-4.0,-2.0,0.123721881390593,0.876278118609407,976,ETH
11,-2.0,0.0,0.3146989835809226,0.6853010164190774,1277,ETH
11,0.0,2.0,0.6825460368294637,0.3174539631705363,1247,ETH
11,2.0,4.0,0.8561253561253561,0.1438746438746438,1051,ETH
11,4.0,6.0,0.9210526315789472,0.0789473684210526,682,ETH
11,6.0,8.0,0.9295774647887324,0.0704225352112676,424,ETH
11,8.0,10.0,0.9530685920577616,0.0469314079422382,275,ETH
11,10.0,12.0,0.9834254143646408,0.016574585635359,179,ETH
11,12.0,14.0,0.96875,0.03125,126,ETH
11,14.0,16.0,0.9871794871794872,0.0128205128205127,76,ETH
11,16.0,18.0,0.9850746268656716,0.0149253731343284,65,ETH
11,18.0,20.0,0.9821428571428572,0.0178571428571429,54,ETH
11,20.0,22.0,0.975,0.025,38,ETH
11,22.0,24.0,0.9642857142857144,0.0357142857142857,26,ETH
11,24.0,26.0,0.9545454545454546,0.0454545454545454,20,ETH
12,-26.0,-24.0,0.0303030303030303,0.9696969696969696,31,ETH
12,-24.0,-22.0,0.0217391304347826,0.9782608695652174,44,ETH
12,-22.0,-20.0,0.0444444444444444,0.9555555555555556,43,ETH
12,-20.0,-18.0,0.06,0.94,48,ETH
12,-18.0,-16.0,0.0253164556962025,0.9746835443037974,77,ETH
12,-16.0,-14.0,0.0326086956521739,0.967391304347826,90,ETH
12,-14.0,-12.0,0.0145985401459854,0.9854014598540146,135,ETH
12,-12.0,-10.0,0.0164835164835164,0.9835164835164836,180,ETH
12,-10.0,-8.0,0.018796992481203,0.981203007518797,264,ETH
12,-8.0,-6.0,0.0267639902676399,0.97323600973236,409,ETH
12,-6.0,-4.0,0.0544,0.9456,623,ETH
12,-4.0,-2.0,0.0969441517386722,0.9030558482613276,947,ETH
12,-2.0,0.0,0.2645687645687645,0.7354312354312355,1285,ETH
12,0.0,2.0,0.7054738562091504,0.2945261437908496,1222,ETH
12,2.0,4.0,0.9008620689655172,0.0991379310344827,1042,ETH
12,4.0,6.0,0.9340974212034384,0.0659025787965615,696,ETH
12,6.0,8.0,0.9641148325358851,0.0358851674641148,416,ETH
12,8.0,10.0,0.9856115107913668,0.0143884892086331,276,ETH
12,10.0,12.0,0.9891891891891892,0.0108108108108108,183,ETH
12,12.0,14.0,0.9918032786885246,0.0081967213114754,120,ETH
12,14.0,16.0,0.9759036144578314,0.0240963855421686,81,ETH
12,16.0,18.0,0.9864864864864864,0.0135135135135134,72,ETH
12,18.0,20.0,0.9807692307692308,0.0192307692307692,50,ETH
12,20.0,22.0,0.9803921568627452,0.0196078431372549,49,ETH
12,22.0,24.0,0.9714285714285714,0.0285714285714285,33,ETH
12,24.0,26.0,0.9583333333333334,0.0416666666666666,22,ETH
13,-28.0,-26.0,0.0416666666666666,0.9583333333333334,22,ETH
13,-26.0,-24.0,0.04,0.96,23,ETH
13,-24.0,-22.0,0.0232558139534883,0.9767441860465116,41,ETH
13,-22.0,-20.0,0.0192307692307692,0.9807692307692308,50,ETH
13,-20.0,-18.0,0.0166666666666666,0.9833333333333332,58,ETH
13,-18.0,-16.0,0.0147058823529411,0.9852941176470588,66,ETH
13,-16.0,-14.0,0.03125,0.96875,94,ETH
13,-14.0,-12.0,0.0194805194805194,0.9805194805194806,152,ETH
13,-12.0,-10.0,0.0164835164835164,0.9835164835164836,180,ETH
13,-10.0,-8.0,0.0068965517241379,0.993103448275862,288,ETH
13,-8.0,-6.0,0.0254452926208651,0.9745547073791349,391,ETH
13,-6.0,-4.0,0.0389408099688473,0.9610591900311528,640,ETH
13,-4.0,-2.0,0.0627659574468085,0.9372340425531916,938,ETH
13,-2.0,0.0,0.2294213528932355,0.7705786471067645,1225,ETH
13,0.0,2.0,0.7381342062193126,0.2618657937806874,1220,ETH
13,2.0,4.0,0.9268774703557312,0.0731225296442688,1010,ETH
13,4.0,6.0,0.9569583931133429,0.0430416068866571,695,ETH
13,6.0,8.0,0.98812351543943,0.0118764845605701,419,ETH
13,8.0,10.0,0.9901960784313726,0.0098039215686274,304,ETH
13,10.0,12.0,0.9940476190476192,0.0059523809523809,166,ETH
13,12.0,14.0,0.9848484848484848,0.0151515151515151,130,ETH
13,14.0,16.0,0.9878048780487804,0.0121951219512195,80,ETH
13,16.0,18.0,0.9873417721518988,0.0126582278481012,77,ETH
13,18.0,20.0,0.9814814814814816,0.0185185185185184,52,ETH
13,20.0,22.0,0.979591836734694,0.0204081632653061,47,ETH
13,22.0,24.0,0.96875,0.03125,30,ETH
13,24.0,26.0,0.9629629629629628,0.037037037037037,25,ETH
13,26.0,28.0,0.9615384615384616,0.0384615384615384,24,ETH
14,-30.0,-28.0,0.0434782608695652,0.9565217391304348,21,ETH
14,-28.0,-26.0,0.03125,0.96875,30,ETH
14,-26.0,-24.0,0.03125,0.96875,30,ETH
14,-24.0,-22.0,0.0256410256410256,0.9743589743589745,37,ETH
14,-22.0,-20.0,0.0222222222222222,0.9777777777777776,43,ETH
14,-20.0,-18.0,0.0149253731343283,0.9850746268656716,65,ETH
14,-18.0,-16.0,0.0136986301369863,0.9863013698630136,71,ETH
14,-16.0,-14.0,0.0097087378640776,0.9902912621359224,101,ETH
14,-14.0,-12.0,0.0071428571428571,0.9928571428571428,138,ETH
14,-12.0,-10.0,0.0048309178743961,0.9951690821256038,205,ETH
14,-10.0,-8.0,0.0106382978723404,0.9893617021276596,280,ETH
14,-8.0,-6.0,0.0066666666666666,0.9933333333333332,448,ETH
14,-6.0,-4.0,0.0139968895800933,0.9860031104199068,641,ETH
14,-4.0,-2.0,0.0485036119711042,0.9514963880288958,967,ETH
14,-2.0,0.0,0.2011294526498696,0.7988705473501303,1149,ETH
14,0.0,2.0,0.7876480541455161,0.2123519458544839,1180,ETH
14,2.0,4.0,0.9638916750250752,0.0361083249749247,995,ETH
14,4.0,6.0,0.9831288343558282,0.0168711656441717,650,ETH
14,6.0,8.0,0.9928909952606636,0.0071090047393365,420,ETH
14,8.0,10.0,0.9933110367892976,0.0066889632107023,297,ETH
14,10.0,12.0,0.9948453608247424,0.0051546391752577,192,ETH
14,12.0,14.0,0.9929577464788732,0.0070422535211267,140,ETH
14,14.0,16.0,0.9888888888888888,0.011111111111111,88,ETH
14,16.0,18.0,0.9866666666666668,0.0133333333333333,73,ETH
14,18.0,20.0,0.98,0.02,48,ETH
14,20.0,22.0,0.984126984126984,0.0158730158730159,61,ETH
14,22.0,24.0,0.972972972972973,0.0270270270270269,35,ETH
14,24.0,26.0,0.9743589743589745,0.0256410256410256,37,ETH
1,-2.0,0.0,0.4065814850530376,0.5934185149469624,4146,SOL
1,0.0,2.0,0.5786254448398577,0.4213745551601423,4494,SOL
2,-2.0,0.0,0.3544910179640718,0.6455089820359281,4173,SOL
2,0.0,2.0,0.6283284851197135,0.3716715148802865,4467,SOL
3,-2.0,0.0,0.3210038058991437,0.6789961941008563,4202,SOL
3,0.0,2.0,0.6619734174363595,0.3380265825636405,4437,SOL
4,-2.0,0.0,0.2936489058039962,0.7063510941960038,4202,SOL
4,0.0,2.0,0.6880351509689049,0.3119648490310951,4436,SOL
5,-2.0,0.0,0.2748709526044111,0.7251290473955889,4260,SOL
5,0.0,2.0,0.7118198445358939,0.2881801554641061,4372,SOL
6,-2.0,0.0,0.2492293099359734,0.7507706900640265,4215,SOL
6,0.0,2.0,0.7320498301245754,0.2679501698754246,4413,SOL
7,-2.0,0.0,0.2279761904761904,0.7720238095238096,4198,SOL
7,0.0,2.0,0.75,0.25,4428,SOL
8,-2.0,0.0,0.2074829931972789,0.7925170068027211,4261,SOL
8,0.0,2.0,0.7783765191469847,0.2216234808530153,4359,SOL
9,-2.0,0.0,0.1881316098707403,0.8118683901292597,4253,SOL
9,0.0,2.0,0.7966315307057745,0.2033684692942254,4362,SOL
10,-2.0,0.0,0.1639189825718323,0.8360810174281676,4244,SOL
10,0.0,2.0,0.8193681318681318,0.1806318681318681,4366,SOL
11,-2.0,0.0,0.1400189214758751,0.8599810785241249,4226,SOL
11,0.0,2.0,0.839908779931585,0.160091220068415,4383,SOL
12,-4.0,-2.0,0.0454545454545454,0.9545454545454546,20,SOL
12,-2.0,0.0,0.1096135496183206,0.8903864503816794,4190,SOL
12,0.0,2.0,0.8635024920706842,0.1364975079293158,4412,SOL
13,-4.0,-2.0,0.0416666666666666,0.9583333333333334,22,SOL
13,-2.0,0.0,0.0913687676387582,0.9086312323612418,4250,SOL
13,0.0,2.0,0.8919944789510007,0.1080055210489993,4345,SOL
13,2.0,4.0,0.9565217391304348,0.0434782608695651,21,SOL
14,-4.0,-2.0,0.0384615384615384,0.9615384615384616,24,SOL
14,-2.0,0.0,0.0557119399483931,0.9442880600516068,4261,SOL
14,0.0,2.0,0.9296279177259072,0.0703720822740928,4325,SOL
14,2.0,4.0,0.9629629629629628,0.037037037037037,25,SOL
1,-2.0,0.0,0.3958381502890173,0.6041618497109826,4323,XRP
1,0.0,2.0,0.591087962962963,0.408912037037037,4318,XRP
2,-2.0,0.0,0.3600370456124103,0.6399629543875898,4317,XRP
2,0.0,2.0,0.6265603328710125,0.3734396671289874,4324,XRP
3,-2.0,0.0,0.328660797034291,0.671339202965709,4314,XRP
3,0.0,2.0,0.6576576576576577,0.3423423423423423,4327,XRP
4,-2.0,0.0,0.2989750757046354,0.7010249242953646,4291,XRP
4,0.0,2.0,0.6852022058823529,0.3147977941176471,4350,XRP
5,-2.0,0.0,0.2842979017754208,0.7157020982245792,4335,XRP
5,0.0,2.0,0.7039229340761374,0.2960770659238626,4306,XRP
6,-2.0,0.0,0.2521939953810623,0.7478060046189376,4328,XRP
6,0.0,2.0,0.735457705677868,0.264542294322132,4313,XRP
7,-2.0,0.0,0.2236414305620065,0.7763585694379935,4304,XRP
7,0.0,2.0,0.7611200737497119,0.2388799262502881,4337,XRP
8,-2.0,0.0,0.2077803203661327,0.7922196796338673,4368,XRP
8,0.0,2.0,0.7855638745905476,0.2144361254094524,4272,XRP
9,-2.0,0.0,0.1930647745479514,0.8069352254520485,4367,XRP
9,0.0,2.0,0.8006551240056153,0.1993448759943846,4272,XRP
10,-2.0,0.0,0.1713625866050808,0.8286374133949191,4328,XRP
10,0.0,2.0,0.8169487595641085,0.1830512404358915,4311,XRP
11,-2.0,0.0,0.1433712560947295,0.8566287439052704,4305,XRP
11,0.0,2.0,0.8413284132841329,0.1586715867158671,4334,XRP
12,-2.0,0.0,0.1225694444444444,0.8774305555555556,4318,XRP
12,0.0,2.0,0.8642146657413833,0.1357853342586167,4321,XRP
13,-2.0,0.0,0.0962386812166241,0.903761318783376,4305,XRP
13,0.0,2.0,0.8881457564575646,0.1118542435424354,4334,XRP
14,-2.0,0.0,0.0667125171939477,0.9332874828060522,4360,XRP
14,0.0,2.0,0.9284045783695396,0.0715954216304602,4279,XRP
